ID,GENERO,EDAD,N,AC_Z,ACTIVIDAD
1,0,0,0,9.766878128051758,1
1,0,0,1,9.745234489440918,1
1,0,0,2,9.781645774841309,1
1,0,0,3,9.847293853759766,1
1,0,0,4,9.839814186096191,1
1,0,0,5,9.839814186096191,1
1,0,0,6,9.875181198120117,1
1,0,0,7,9.839097023010254,1
1,0,0,8,9.835658073425293,1
1,0,0,9,9.836817741394043,1
1,0,0,10,9.836817741394043,1
1,0,0,11,9.720775604248047,1
1,0,0,12,9.857857704162598,1
1,0,0,13,9.715775489807129,1
1,0,0,14,9.715775489807129,1
1,0,0,15,9.908863067626953,1
2,0,0,0,9.857857704162598,1
2,0,0,1,9.715775489807129,1
2,0,0,2,9.715775489807129,1
2,0,0,3,9.908863067626953,1
2,0,0,4,9.728110313415527,1
2,0,0,5,10.087374687194824,1
2,0,0,6,10.087374687194824,1
2,0,0,7,9.752368927001953,1
2,0,0,8,9.708124160766602,1
2,0,0,9,9.745396614074707,1
2,0,0,10,9.754532814025879,1
2,0,0,11,9.754532814025879,1
2,0,0,12,9.814560890197754,1
2,0,0,13,9.828514099121094,1
2,0,0,14,9.706209182739258,1
2,0,0,15,9.706209182739258,1
3,0,0,0,9.814560890197754,1
3,0,0,1,9.828514099121094,1
3,0,0,2,9.706209182739258,1
3,0,0,3,9.706209182739258,1
3,0,0,4,9.875038146972656,1
3,0,0,5,9.830018043518066,1
3,0,0,6,9.845024108886719,1
3,0,0,7,9.826972007751465,1
3,0,0,8,9.826972007751465,1
3,0,0,9,9.86005973815918,1
3,0,0,10,9.91659164428711,1
3,0,0,11,9.920758247375488,1
3,0,0,12,9.920758247375488,1
3,0,0,13,9.941558837890625,1
3,0,0,14,9.793941497802734,1
3,0,0,15,9.854063987731934,1
4,0,0,0,9.54263687133789,1
4,0,0,1,9.769281387329102,1
4,0,0,2,9.908824920654297,1
4,0,0,3,9.993301391601562,1
4,0,0,4,9.795857429504395,1
4,0,0,5,9.795857429504395,1
4,0,0,6,9.761524200439453,1
4,0,0,7,9.714932441711426,1
4,0,0,8,9.767768859863281,1
4,0,0,9,9.83308219909668,1
4,0,0,10,9.83308219909668,1
4,0,0,11,9.85805892944336,1
4,0,0,12,9.8368558883667,1
4,0,0,13,9.785964012145996,1
4,0,0,14,9.785964012145996,1
4,0,0,15,9.556303024291992,1
5,0,0,0,9.8368558883667,1
5,0,0,1,9.785964012145996,1
5,0,0,2,9.785964012145996,1
5,0,0,3,9.556303024291992,1
5,0,0,4,9.430501937866211,1
5,0,0,5,9.901920318603516,1
5,0,0,6,9.901920318603516,1
5,0,0,7,9.732841491699219,1
5,0,0,8,9.87064266204834,1
5,0,0,9,9.816266059875488,1
5,0,0,10,9.855597496032715,1
5,0,0,11,9.855597496032715,1
5,0,0,12,9.97785472869873,1
5,0,0,13,9.749917030334473,1
5,0,0,14,9.911985397338867,1
5,0,0,15,9.911985397338867,1
6,0,0,0,9.97785472869873,1
6,0,0,1,9.749917030334473,1
6,0,0,2,9.911985397338867,1
6,0,0,3,9.911985397338867,1
6,0,0,4,9.909514427185059,1
6,0,0,5,9.933131217956543,1
6,0,0,6,9.843952178955078,1
6,0,0,7,9.768553733825684,1
6,0,0,8,9.768553733825684,1
6,0,0,9,9.699485778808594,1
6,0,0,10,9.755634307861328,1
6,0,0,11,9.836223602294922,1
6,0,0,12,9.836223602294922,1
6,0,0,13,9.740148544311523,1
6,0,0,14,9.839651107788086,1
6,0,0,15,9.738051414489746,1
7,0,0,0,9.907255172729492,1
7,0,0,1,9.891318321228027,1
7,0,0,2,9.808948516845703,1
7,0,0,3,9.755529403686523,1
7,0,0,4,9.785447120666504,1
7,0,0,5,9.788683891296387,1
7,0,0,6,9.82082462310791,1
7,0,0,7,9.82082462310791,1
7,0,0,8,9.94259262084961,1
7,0,0,9,9.718964576721191,1
7,0,0,10,9.806909561157227,1
7,0,0,11,9.806909561157227,1
7,0,0,12,9.803633689880371,1
7,0,0,13,9.77464485168457,1
7,0,0,14,9.78996753692627,1
7,0,0,15,9.826215744018555,1
8,0,0,0,9.803633689880371,1
8,0,0,1,9.77464485168457,1
8,0,0,2,9.78996753692627,1
8,0,0,3,9.826215744018555,1
8,0,0,4,9.826215744018555,1
8,0,0,5,9.894095420837402,1
8,0,0,6,9.708621978759766,1
8,0,0,7,9.908422470092773,1
8,0,0,8,9.908422470092773,1
8,0,0,9,9.803240776062012,1
8,0,0,10,9.891951560974121,1
8,0,0,11,9.813344955444336,1
8,0,0,12,9.813344955444336,1
8,0,0,13,9.876914978027344,1
8,0,0,14,9.990974426269531,1
8,0,0,15,9.875967025756836,1
9,0,0,0,9.813344955444336,1
9,0,0,1,9.876914978027344,1
9,0,0,2,9.990974426269531,1
9,0,0,3,9.875967025756836,1
9,0,0,4,9.86038589477539,1
9,0,0,5,9.86038589477539,1
9,0,0,6,9.857627868652344,1
9,0,0,7,9.746641159057617,1
9,0,0,8,9.773419380187988,1
9,0,0,9,9.773419380187988,1
9,0,0,10,9.840561866760254,1
9,0,0,11,9.749984741210938,1
9,0,0,12,9.825708389282227,1
9,0,0,13,9.729164123535156,1
9,0,0,14,9.729164123535156,1
9,0,0,15,9.796479225158691,1
10,0,0,0,9.707588195800781,1
10,0,0,1,9.638299942016602,1
10,0,0,2,9.638299942016602,1
10,0,0,3,9.813421249389648,1
10,0,0,4,9.809934616088867,1
10,0,0,5,9.556466102600098,1
10,0,0,6,9.739880561828613,1
10,0,0,7,9.739880561828613,1
10,0,0,8,9.637840270996094,1
10,0,0,9,9.836098670959473,1
10,0,0,10,9.633213996887207,1
10,0,0,11,9.633213996887207,1
10,0,0,12,9.733865737915039,1
10,0,0,13,9.781472206115723,1
10,0,0,14,9.7352933883667,1
10,0,0,15,9.7352933883667,1
11,0,0,0,9.733865737915039,1
11,0,0,1,9.781472206115723,1
11,0,0,2,9.7352933883667,1
11,0,0,3,9.7352933883667,1
11,0,0,4,9.754993438720703,1
11,0,0,5,9.705653190612793,1
11,0,0,6,9.742744445800781,1
11,0,0,7,9.663850784301758,1
11,0,0,8,9.663850784301758,1
11,0,0,9,9.595166206359863,1
11,0,0,10,9.795148849487305,1
11,0,0,11,9.774864196777344,1
11,0,0,12,9.774864196777344,1
11,0,0,13,9.63187313079834,1
11,0,0,14,9.780352592468262,1
11,0,0,15,9.758574485778809,1
12,0,0,0,9.774864196777344,1
12,0,0,1,9.63187313079834,1
12,0,0,2,9.780352592468262,1
12,0,0,3,9.758574485778809,1
12,0,0,4,9.762606620788574,1
12,0,0,5,9.762606620788574,1
12,0,0,6,9.80871868133545,1
12,0,0,7,9.690320014953613,1
12,0,0,8,9.723380088806152,1
12,0,0,9,9.723380088806152,1
12,0,0,10,9.676434516906738,1
12,0,0,11,9.605642318725586,1
12,0,0,12,9.787257194519043,1
12,0,0,13,9.787257194519043,1
12,0,0,14,9.722909927368164,1
12,0,0,15,9.685962677001953,1
13,0,0,0,9.80974292755127,1
13,0,0,1,9.68311882019043,1
13,0,0,2,9.538355827331543,1
13,0,0,3,9.538355827331543,1
13,0,0,4,9.737629890441895,1
13,0,0,5,9.664549827575684,1
13,0,0,6,9.744400978088379,1
13,0,0,7,9.744400978088379,1
13,0,0,8,9.736461639404297,1
13,0,0,9,9.756583213806152,1
13,0,0,10,9.66512393951416,1
13,0,0,11,9.665162086486816,1
13,0,0,12,9.665162086486816,1
13,0,0,13,9.702866554260254,1
13,0,0,14,9.742935180664062,1
13,0,0,15,9.752570152282715,1
14,0,0,0,9.665162086486816,1
14,0,0,1,9.702866554260254,1
14,0,0,2,9.742935180664062,1
14,0,0,3,9.752570152282715,1
14,0,0,4,9.752570152282715,1
14,0,0,5,9.78282356262207,1
14,0,0,6,9.753594398498535,1
14,0,0,7,9.63356876373291,1
14,0,0,8,9.63356876373291,1
14,0,0,9,9.737093925476074,1
14,0,0,10,9.593518257141113,1
14,0,0,11,9.711915969848633,1
14,0,0,12,9.616004943847656,1
14,0,0,13,9.616004943847656,1
14,0,0,14,9.754714965820312,1
14,0,0,15,9.694324493408203,1
15,0,0,0,9.616004943847656,1
15,0,0,1,9.616004943847656,1
15,0,0,2,9.754714965820312,1
15,0,0,3,9.694324493408203,1
15,0,0,4,9.859130859375,1
15,0,0,5,9.859130859375,1
15,0,0,6,9.681184768676758,1
15,0,0,7,9.862502098083496,1
15,0,0,8,9.689373016357422,1
15,0,0,9,9.78200912475586,1
15,0,0,10,9.78200912475586,1
15,0,0,11,9.703039169311523,1
15,0,0,12,9.741728782653809,1
15,0,0,13,9.586250305175781,1
15,0,0,14,9.586250305175781,1
15,0,0,15,9.740972518920898,1
16,0,0,0,9.857215881347656,1
16,0,0,1,9.901182174682617,1
16,0,0,2,9.901182174682617,1
16,0,0,3,9.64627742767334,1
16,0,0,4,9.774194717407227,1
16,0,0,5,9.654484748840332,1
16,0,0,6,9.654484748840332,1
16,0,0,7,9.80189037322998,1
16,0,0,8,9.737908363342285,1
16,0,0,9,9.722297668457031,1
16,0,0,10,9.697005271911621,1
16,0,0,11,9.697005271911621,1
16,0,0,12,9.766973495483398,1
16,0,0,13,9.751287460327148,1
16,0,0,14,9.815624237060547,1
16,0,0,15,9.815624237060547,1
17,0,0,0,9.766973495483398,1
17,0,0,1,9.751287460327148,1
17,0,0,2,9.815624237060547,1
17,0,0,3,9.815624237060547,1
17,0,0,4,9.794650077819824,1
17,0,0,5,9.749706268310547,1
17,0,0,6,9.646410942077637,1
17,0,0,7,9.747580528259277,1
17,0,0,8,9.747580528259277,1
17,0,0,9,9.744237899780273,1
17,0,0,10,9.773676872253418,1
17,0,0,11,9.70322036743164,1
17,0,0,12,9.70322036743164,1
17,0,0,13,9.726387023925781,1
17,0,0,14,9.794879913330078,1
17,0,0,15,9.738022804260254,1
18,0,0,0,9.70322036743164,1
18,0,0,1,9.726387023925781,1
18,0,0,2,9.794879913330078,1
18,0,0,3,9.738022804260254,1
18,0,0,4,9.738022804260254,1
18,0,0,5,9.67868423461914,1
18,0,0,6,9.632773399353027,1
18,0,0,7,9.76756763458252,1
18,0,0,8,9.688040733337402,1
18,0,0,9,9.688040733337402,1
18,0,0,10,9.776617050170898,1
18,0,0,11,9.676941871643066,1
18,0,0,12,9.636767387390137,1
18,0,0,13,9.636767387390137,1
18,0,0,14,9.802647590637207,1
18,0,0,15,9.790292739868164,1
19,0,0,0,9.875219345092773,1
19,0,0,1,9.676596641540527,1
19,0,0,2,9.716618537902832,1
19,0,0,3,9.692350387573242,1
19,0,0,4,9.692350387573242,1
19,0,0,5,9.733607292175293,1
19,0,0,6,9.754111289978027,1
19,0,0,7,9.79294490814209,1
19,0,0,8,9.79294490814209,1
19,0,0,9,9.748558044433594,1
19,0,0,10,9.658794403076172,1
19,0,0,11,9.69925594329834,1
19,0,0,12,9.69925594329834,1
19,0,0,13,9.908451080322266,1
19,0,0,14,9.769856452941895,1
19,0,0,15,9.637590408325195,1
20,0,0,0,9.69925594329834,1
20,0,0,1,9.908451080322266,1
20,0,0,2,9.769856452941895,1
20,0,0,3,9.637590408325195,1
20,0,0,4,9.764703750610352,1
20,0,0,5,9.764703750610352,1
20,0,0,6,9.71886920928955,1
20,0,0,7,9.74307918548584,1
20,0,0,8,9.687026023864746,1
20,0,0,9,9.687026023864746,1
20,0,0,10,9.822356224060059,1
20,0,0,11,9.761887550354004,1
20,0,0,12,9.782459259033203,1
20,0,0,13,9.660086631774902,1
20,0,0,14,9.660086631774902,1
20,0,0,15,9.793472290039062,1
21,0,0,0,9.782459259033203,1
21,0,0,1,9.660086631774902,1
21,0,0,2,9.660086631774902,1
21,0,0,3,9.793472290039062,1
21,0,0,4,9.704034805297852,1
21,0,0,5,9.725390434265137,1
21,0,0,6,9.725390434265137,1
21,0,0,7,9.76940631866455,1
21,0,0,8,9.790168762207031,1
21,0,0,9,9.758986473083496,1
21,0,0,10,9.76979923248291,1
21,0,0,11,9.76979923248291,1
21,0,0,12,9.693241119384766,1
21,0,0,13,9.729891777038574,1
21,0,0,14,9.716753005981445,1
21,0,0,15,9.716753005981445,1
22,0,0,0,9.681816101074219,1
22,0,0,1,9.681816101074219,1
22,0,0,2,9.761007308959961,1
22,0,0,3,9.773571968078613,1
22,0,0,4,9.641766548156738,1
22,0,0,5,9.636221885681152,1
22,0,0,6,9.636221885681152,1
22,0,0,7,9.848807334899902,1
22,0,0,8,9.667173385620117,1
22,0,0,9,9.742399215698242,1
22,0,0,10,9.742399215698242,1
22,0,0,11,9.774749755859375,1
22,0,0,12,9.78991985321045,1
22,0,0,13,9.588892936706543,1
22,0,0,14,9.588892936706543,1
22,0,0,15,9.796977996826172,1
23,0,0,0,9.78991985321045,1
23,0,0,1,9.588892936706543,1
23,0,0,2,9.588892936706543,1
23,0,0,3,9.796977996826172,1
23,0,0,4,9.832460403442383,1
23,0,0,5,9.772566795349121,1
23,0,0,6,9.776838302612305,1
23,0,0,7,9.776838302612305,1
23,0,0,8,9.676702499389648,1
23,0,0,9,9.730974197387695,1
23,0,0,10,9.687590599060059,1
23,0,0,11,9.687590599060059,1
23,0,0,12,9.760126113891602,1
23,0,0,13,9.785494804382324,1
23,0,0,14,9.7969970703125,1
23,0,0,15,9.763449668884277,1
24,0,0,0,9.760126113891602,1
24,0,0,1,9.785494804382324,1
24,0,0,2,9.7969970703125,1
24,0,0,3,9.763449668884277,1
24,0,0,4,9.763449668884277,1
24,0,0,5,9.645817756652832,1
24,0,0,6,9.800119400024414,1
24,0,0,7,9.858403205871582,1
24,0,0,8,9.858403205871582,1
24,0,0,9,9.856632232666016,1
24,0,0,10,9.75725269317627,1
24,0,0,11,9.757779121398926,1
24,0,0,12,9.715229034423828,1
24,0,0,13,9.715229034423828,1
24,0,0,14,9.615028381347656,1
24,0,0,15,9.781185150146484,1
25,0,0,0,9.74814510345459,1
25,0,0,1,9.754179000854492,1
25,0,0,2,9.809073448181152,1
25,0,0,3,9.914752960205078,1
25,0,0,4,9.914752960205078,1
25,0,0,5,9.768438339233398,1
25,0,0,6,9.81716537475586,1
25,0,0,7,9.731012344360352,1
25,0,0,8,9.796355247497559,1
25,0,0,9,9.796355247497559,1
25,0,0,10,9.658333778381348,1
25,0,0,11,9.744668960571289,1
25,0,0,12,9.682966232299805,1
25,0,0,13,9.682966232299805,1
25,0,0,14,9.790369033813477,1
25,0,0,15,9.693816184997559,1
26,0,0,0,9.682966232299805,1
26,0,0,1,9.682966232299805,1
26,0,0,2,9.790369033813477,1
26,0,0,3,9.693816184997559,1
26,0,0,4,9.905426025390625,1
26,0,0,5,9.751142501831055,1
26,0,0,6,9.751142501831055,1
26,0,0,7,9.65084457397461,1
26,0,0,8,9.68917179107666,1
26,0,0,9,9.710758209228516,1
26,0,0,10,9.710758209228516,1
26,0,0,11,9.75600814819336,1
26,0,0,12,9.744898796081543,1
26,0,0,13,9.703432083129883,1
26,0,0,14,9.703432083129883,1
26,0,0,15,9.850885391235352,1
27,0,0,0,9.744898796081543,1
27,0,0,1,9.703432083129883,1
27,0,0,2,9.703432083129883,1
27,0,0,3,9.850885391235352,1
27,0,0,4,9.765087127685547,1
27,0,0,5,9.788415908813477,1
27,0,0,6,9.754744529724121,1
27,0,0,7,9.754744529724121,1
27,0,0,8,9.766274452209473,1
27,0,0,9,9.793722152709961,1
27,0,0,10,9.709091186523438,1
27,0,0,11,9.709091186523438,1
27,0,0,12,9.568493843078613,1
27,0,0,13,9.755558013916016,1
27,0,0,14,9.787898063659668,1
27,0,0,15,9.719491004943848,1
28,0,0,0,18.23158836364746,2
28,0,0,1,11.7589111328125,2
28,0,0,2,3.5085208415985107,2
28,0,0,3,2.7685017585754395,2
28,0,0,4,-7.463904857635498,2
28,0,0,5,44.97172546386719,2
28,0,0,6,44.97172546386719,2
28,0,0,7,14.117420196533203,2
28,0,0,8,-11.933266639709473,2
28,0,0,9,-10.362899780273438,2
28,0,0,10,-10.362899780273438,2
28,0,0,11,32.91712188720703,2
28,0,0,12,32.91712188720703,2
28,0,0,13,1.6421732902526855,2
28,0,0,14,-18.17656898498535,2
28,0,0,15,-18.17656898498535,2
29,0,0,0,32.91712188720703,2
29,0,0,1,1.6421732902526855,2
29,0,0,2,-18.17656898498535,2
29,0,0,3,-18.17656898498535,2
29,0,0,4,-3.076443910598755,2
29,0,0,5,44.0699577331543,2
29,0,0,6,17.25584602355957,2
29,0,0,7,17.25584602355957,2
29,0,0,8,-0.1481340527534485,2
29,0,0,9,-5.591763019561768,2
29,0,0,10,5.174291133880615,2
29,0,0,11,3.8325135707855225,2
29,0,0,12,3.8325135707855225,2
29,0,0,13,44.332542419433594,2
29,0,0,14,17.205385208129883,2
29,0,0,15,-8.299979209899902,2
30,0,0,0,3.8325135707855225,2
30,0,0,1,44.332542419433594,2
30,0,0,2,17.205385208129883,2
30,0,0,3,-8.299979209899902,2
30,0,0,4,-8.299979209899902,2
30,0,0,5,-13.69668197631836,2
30,0,0,6,1.261169672012329,2
30,0,0,7,53.011688232421875,2
30,0,0,8,15.391097068786621,2
30,0,0,9,15.391097068786621,2
30,0,0,10,-8.725342750549316,2
30,0,0,11,-12.1021728515625,2
30,0,0,12,-4.309917449951172,2
30,0,0,13,-4.309917449951172,2
30,0,0,14,56.87367630004883,2
30,0,0,15,17.65545654296875,2
31,0,0,0,25.608016967773438,2
31,0,0,1,9.264946937561035,2
31,0,0,2,-13.81344223022461,2
31,0,0,3,-13.81344223022461,2
31,0,0,4,29.960121154785156,2
31,0,0,5,22.51538848876953,2
31,0,0,6,2.1482021808624268,2
31,0,0,7,2.1482021808624268,2
31,0,0,8,-18.59920310974121,2
31,0,0,9,-4.155223369598389,2
31,0,0,10,47.81090545654297,2
31,0,0,11,30.17375946044922,2
31,0,0,12,30.17375946044922,2
31,0,0,13,-5.799675941467285,2
31,0,0,14,-22.565868377685547,2
31,0,0,15,-1.8005259037017822,2
32,0,0,0,30.17375946044922,2
32,0,0,1,-5.799675941467285,2
32,0,0,2,-22.565868377685547,2
32,0,0,3,-1.8005259037017822,2
32,0,0,4,-1.8005259037017822,2
32,0,0,5,66.06182861328125,2
32,0,0,6,19.856645584106445,2
32,0,0,7,-15.960916519165039,2
32,0,0,8,-21.691198348999023,2
32,0,0,9,-21.691198348999023,2
32,0,0,10,-4.235706329345703,2
32,0,0,11,79.86536407470703,2
32,0,0,12,31.06257438659668,2
32,0,0,13,31.06257438659668,2
32,0,0,14,-23.852521896362305,2
32,0,0,15,-22.387357711791992,2
33,0,0,0,31.06257438659668,2
33,0,0,1,31.06257438659668,2
33,0,0,2,-23.852521896362305,2
33,0,0,3,-22.387357711791992,2
33,0,0,4,2.17421293258667,2
33,0,0,5,69.6014404296875,2
33,0,0,6,69.6014404296875,2
33,0,0,7,17.78717613220215,2
33,0,0,8,-19.307369232177734,2
33,0,0,9,-20.786373138427734,2
33,0,0,10,-20.786373138427734,2
33,0,0,11,5.940694332122803,2
33,0,0,12,69.9688949584961,2
33,0,0,13,17.22638702392578,2
33,0,0,14,-11.578656196594238,2
33,0,0,15,-11.578656196594238,2
220,0,0,0,22.358184814453125,2
220,0,0,1,26.9872989654541,2
220,0,0,2,26.9872989654541,2
220,0,0,3,2.228015422821045,2
220,0,0,4,-10.654370307922363,2
220,0,0,5,-1.9730902910232544,2
34,0,0,0,9.16478443145752,2
34,0,0,1,15.092769622802734,2
34,0,0,2,21.302093505859375,2
34,0,0,3,-13.302165031433105,2
34,0,0,4,-17.292024612426758,2
34,0,0,5,-17.292024612426758,2
34,0,0,6,54.752864837646484,2
34,0,0,7,20.698410034179688,2
34,0,0,8,-43.60493469238281,2
34,0,0,9,-43.60493469238281,2
34,0,0,10,-7.7950897216796875,2
34,0,0,11,69.89244842529297,2
34,0,0,12,9.195401191711426,2
34,0,0,13,-44.62831115722656,2
34,0,0,14,-44.62831115722656,2
34,0,0,15,-4.12476921081543,2
35,0,0,0,9.195401191711426,2
35,0,0,1,-44.62831115722656,2
35,0,0,2,-44.62831115722656,2
35,0,0,3,-4.12476921081543,2
35,0,0,4,77.99125671386719,2
35,0,0,5,8.458992004394531,2
35,0,0,6,8.458992004394531,2
35,0,0,7,-49.236289978027344,2
35,0,0,8,6.329751968383789,2
35,0,0,9,73.85337829589844,2
35,0,0,10,12.233441352844238,2
35,0,0,11,12.233441352844238,2
35,0,0,12,-34.657840728759766,2
35,0,0,13,-15.827301979064941,2
35,0,0,14,75.90174865722656,2
35,0,0,15,75.90174865722656,2
36,0,0,0,-34.657840728759766,2
36,0,0,1,-15.827301979064941,2
36,0,0,2,75.90174865722656,2
36,0,0,3,75.90174865722656,2
36,0,0,4,24.129262924194336,2
36,0,0,5,-33.21353530883789,2
36,0,0,6,-16.723182678222656,2
36,0,0,7,49.97896194458008,2
36,0,0,8,49.97896194458008,2
36,0,0,9,36.577701568603516,2
36,0,0,10,-7.865450859069824,2
36,0,0,11,-31.854633331298828,2
36,0,0,12,-31.854633331298828,2
36,0,0,13,13.360852241516113,2
36,0,0,14,65.9244613647461,2
36,0,0,15,6.717316150665283,2
37,0,0,0,6.588785648345947,2
37,0,0,1,6.588785648345947,2
37,0,0,2,8.623176574707031,2
37,0,0,3,-20.236356735229492,2
37,0,0,4,-20.236356735229492,2
37,0,0,5,-1.5771946907043457,2
37,0,0,6,62.04647445678711,2
37,0,0,7,8.965624809265137,2
37,0,0,8,-44.72056579589844,2
37,0,0,9,-44.72056579589844,2
37,0,0,10,-3.0118579864501953,2
37,0,0,11,79.01819610595703,2
37,0,0,12,14.76061725616455,2
37,0,0,13,14.76061725616455,2
37,0,0,14,-30.465028762817383,2
37,0,0,15,-15.986620903015137,2
38,0,0,0,14.76061725616455,2
38,0,0,1,14.76061725616455,2
38,0,0,2,-30.465028762817383,2
38,0,0,3,-15.986620903015137,2
38,0,0,4,62.42695236206055,2
38,0,0,5,25.17392921447754,2
38,0,0,6,25.17392921447754,2
38,0,0,7,-16.12040901184082,2
38,0,0,8,-21.427165985107422,2
38,0,0,9,44.262306213378906,2
38,0,0,10,44.262306213378906,2
38,0,0,11,41.57341766357422,2
38,0,0,12,-8.006593704223633,2
38,0,0,13,-36.51122283935547,2
38,0,0,14,-36.51122283935547,2
38,0,0,15,40.30532455444336,2
39,0,0,0,-8.006593704223633,2
39,0,0,1,-36.51122283935547,2
39,0,0,2,-36.51122283935547,2
39,0,0,3,40.30532455444336,2
39,0,0,4,45.2599983215332,2
39,0,0,5,-5.2980523109436035,2
39,0,0,6,-33.84996795654297,2
39,0,0,7,-33.84996795654297,2
39,0,0,8,38.25421142578125,2
39,0,0,9,42.198055267333984,2
39,0,0,10,-7.209477424621582,2
39,0,0,11,-7.209477424621582,2
39,0,0,12,-8.3563871383667,2
39,0,0,13,53.79928207397461,2
39,0,0,14,54.23699188232422,2
39,0,0,15,3.939438819885254,2
40,0,0,0,7.291761875152588,2
40,0,0,1,14.632929801940918,2
40,0,0,2,9.210302352905273,2
40,0,0,3,-3.917909860610962,2
40,0,0,4,-12.670354843139648,2
40,0,0,5,20.603973388671875,2
40,0,0,6,37.87103271484375,2
40,0,0,7,17.254379272460938,2
40,0,0,8,0.8532264232635498,2
40,0,0,9,-29.997873306274414,2
40,0,0,10,-12.941943168640137,2
40,0,0,11,34.99968338012695,2
40,0,0,12,50.79472351074219,2
40,0,0,13,10.449263572692871,2
40,0,0,14,-22.198749542236328,2
40,0,0,15,-19.55679702758789,2
41,0,0,0,50.79472351074219,2
41,0,0,1,10.449263572692871,2
41,0,0,2,-22.198749542236328,2
41,0,0,3,-19.55679702758789,2
41,0,0,4,13.468141555786133,2
41,0,0,5,50.945281982421875,2
41,0,0,6,19.359954833984375,2
41,0,0,7,-13.40249252319336,2
41,0,0,8,-40.21663284301758,2
41,0,0,9,4.8631792068481445,2
41,0,0,10,53.11577606201172,2
41,0,0,11,27.741384506225586,2
41,0,0,12,7.80523157119751,2
41,0,0,13,-44.037269592285156,2
41,0,0,14,5.8116278648376465,2
41,0,0,15,40.620391845703125,2
42,0,0,0,7.80523157119751,2
42,0,0,1,-44.037269592285156,2
42,0,0,2,5.8116278648376465,2
42,0,0,3,40.620391845703125,2
42,0,0,4,22.437192916870117,2
42,0,0,5,9.935295104980469,2
42,0,0,6,-33.94732666015625,2
42,0,0,7,-11.262765884399414,2
42,0,0,8,34.353336334228516,2
42,0,0,9,35.06903076171875,2
42,0,0,10,10.613065719604492,2
42,0,0,11,-15.694241523742676,2
42,0,0,12,-1.9253116846084595,2
42,0,0,13,29.688819885253906,2
42,0,0,14,25.98732566833496,2
42,0,0,15,11.910051345825195,2
43,0,0,0,7.026186943054199,2
43,0,0,1,9.194683074951172,2
43,0,0,2,19.065946578979492,2
43,0,0,3,10.282042503356934,2
43,0,0,4,-15.343433380126953,2
43,0,0,5,-15.343433380126953,2
43,0,0,6,-3.7217674255371094,2
43,0,0,7,59.37514877319336,2
43,0,0,8,17.029132843017578,2
43,0,0,9,-20.410751342773438,2
43,0,0,10,-20.410751342773438,2
43,0,0,11,-18.42230796813965,2
43,0,0,12,20.821012496948242,2
43,0,0,13,53.76500701904297,2
43,0,0,14,53.76500701904297,2
43,0,0,15,8.654550552368164,2
44,0,0,0,20.821012496948242,2
44,0,0,1,53.76500701904297,2
44,0,0,2,53.76500701904297,2
44,0,0,3,8.654550552368164,2
44,0,0,4,-50.57276916503906,2
44,0,0,5,-7.928197860717773,2
44,0,0,6,70.35137176513672,2
44,0,0,7,70.35137176513672,2
44,0,0,8,14.78341007232666,2
44,0,0,9,-27.30779457092285,2
44,0,0,10,-20.798498153686523,2
44,0,0,11,-20.798498153686523,2
44,0,0,12,46.68145751953125,2
44,0,0,13,32.648033142089844,2
44,0,0,14,-2.0428478717803955,2
44,0,0,15,-32.72665786743164,2
45,0,0,0,46.68145751953125,2
45,0,0,1,32.648033142089844,2
45,0,0,2,-2.0428478717803955,2
45,0,0,3,-32.72665786743164,2
45,0,0,4,-32.72665786743164,2
45,0,0,5,11.613869667053223,2
45,0,0,6,59.28488540649414,2
45,0,0,7,8.149700164794922,2
45,0,0,8,8.149700164794922,2
45,0,0,9,-42.54582595825195,2
45,0,0,10,-5.319265365600586,2
45,0,0,11,68.91590881347656,2
45,0,0,12,17.93061637878418,2
45,0,0,13,17.93061637878418,2
45,0,0,14,-17.651845932006836,2
45,0,0,15,-18.672178268432617,2
46,0,0,0,9.580541610717773,2
46,0,0,1,9.475044250488281,2
46,0,0,2,10.152640342712402,2
46,0,0,3,8.580636978149414,2
46,0,0,4,4.973235607147217,2
46,0,0,5,-0.9598833322525024,2
46,0,0,6,-0.9598833322525024,2
46,0,0,7,29.62584114074707,2
46,0,0,8,34.29492950439453,2
46,0,0,9,-8.314793586730957,2
46,0,0,10,-8.314793586730957,2
46,0,0,11,-25.720096588134766,2
46,0,0,12,13.481893539428711,2
46,0,0,13,56.44061279296875,2
46,0,0,14,56.44061279296875,2
46,0,0,15,5.0599822998046875,2
47,0,0,0,13.481893539428711,2
47,0,0,1,56.44061279296875,2
47,0,0,2,56.44061279296875,2
47,0,0,3,5.0599822998046875,2
47,0,0,4,-45.925376892089844,2
47,0,0,5,-0.8989652991294861,2
47,0,0,6,65.22946166992188,2
47,0,0,7,65.22946166992188,2
47,0,0,8,13.180625915527344,2
47,0,0,9,-57.951698303222656,2
47,0,0,10,7.559107780456543,2
47,0,0,11,41.70240020751953,2
47,0,0,12,17.78717613220215,2
47,0,0,13,9.112445831298828,2
47,0,0,14,-38.28025817871094,2
47,0,0,15,2.3460781574249268,2
48,0,0,0,17.78717613220215,2
48,0,0,1,9.112445831298828,2
48,0,0,2,-38.28025817871094,2
48,0,0,3,2.3460781574249268,2
48,0,0,4,41.14082336425781,2
48,0,0,5,23.7828426361084,2
48,0,0,6,9.509040832519531,2
48,0,0,7,-40.194889068603516,2
48,0,0,8,-8.3241605758667,2
48,0,0,9,29.796098709106445,2
48,0,0,10,37.14459991455078,2
48,0,0,11,10.652339935302734,2
48,0,0,12,-23.27452278137207,2
48,0,0,13,-23.459566116333008,2
48,0,0,14,9.671405792236328,2
48,0,0,15,66.8602523803711,2
49,0,0,0,6.771702766418457,2
49,0,0,1,17.49698829650879,2
49,0,0,2,23.686660766601562,2
49,0,0,3,14.221940994262695,2
49,0,0,4,4.0522918701171875,2
49,0,0,5,-10.995888710021973,2
49,0,0,6,-17.656951904296875,2
49,0,0,7,7.03449010848999,2
49,0,0,8,44.2488899230957,2
49,0,0,9,57.44252014160156,2
49,0,0,10,23.558170318603516,2
49,0,0,11,-23.799869537353516,2
49,0,0,12,-53.968868255615234,2
49,0,0,13,-26.026782989501953,2
49,0,0,14,69.04238891601562,2
49,0,0,15,79.84640502929688,2
50,0,0,0,-53.968868255615234,2
50,0,0,1,-26.026782989501953,2
50,0,0,2,69.04238891601562,2
50,0,0,3,79.84640502929688,2
50,0,0,4,75.5284194946289,2
50,0,0,5,4.3771562576293945,2
50,0,0,6,-79.16012573242188,2
50,0,0,7,-17.342390060424805,2
50,0,0,8,-17.342390060424805,2
50,0,0,9,79.38088989257812,2
50,0,0,10,45.70884323120117,2
50,0,0,11,-8.409882545471191,2
50,0,0,12,-8.409882545471191,2
50,0,0,13,-72.55953979492188,2
50,0,0,14,12.779990196228027,2
50,0,0,15,81.08216857910156,2
51,0,0,0,-8.409882545471191,2
51,0,0,1,-72.55953979492188,2
51,0,0,2,12.779990196228027,2
51,0,0,3,81.08216857910156,2
51,0,0,4,16.513671875,2
51,0,0,5,16.513671875,2
51,0,0,6,-18.658309936523438,2
51,0,0,7,-47.684078216552734,2
51,0,0,8,22.786518096923828,2
51,0,0,9,22.786518096923828,2
51,0,0,10,75.8831787109375,2
51,0,0,11,18.479215621948242,2
51,0,0,12,-34.52017593383789,2
51,0,0,13,-23.21750259399414,2
51,0,0,14,-23.21750259399414,2
51,0,0,15,42.36177062988281,2
52,0,0,0,9.544820785522461,2
52,0,0,1,10.213147163391113,2
52,0,0,2,8.674480438232422,2
52,0,0,3,5.7027587890625,2
52,0,0,4,5.7027587890625,2
52,0,0,5,2.950307607650757,2
52,0,0,6,19.123849868774414,2
52,0,0,7,27.191770553588867,2
52,0,0,8,27.191770553588867,2
52,0,0,9,27.087366104125977,2
52,0,0,10,-6.203108310699463,2
52,0,0,11,-33.27682876586914,2
52,0,0,12,11.775344848632812,2
52,0,0,13,11.775344848632812,2
52,0,0,14,78.42185974121094,2
52,0,0,15,6.34552526473999,2
53,0,0,0,11.775344848632812,2
53,0,0,1,11.775344848632812,2
53,0,0,2,78.42185974121094,2
53,0,0,3,6.34552526473999,2
53,0,0,4,-58.08932113647461,2
53,0,0,5,-58.08932113647461,2
53,0,0,6,-38.476402282714844,2
53,0,0,7,51.64472198486328,2
53,0,0,8,73.13140869140625,2
53,0,0,9,3.0253708362579346,2
53,0,0,10,3.0253708362579346,2
53,0,0,11,-48.40198516845703,2
53,0,0,12,-34.235313415527344,2
53,0,0,13,74.31004333496094,2
53,0,0,14,74.31004333496094,2
53,0,0,15,52.222843170166016,2
54,0,0,0,-34.235313415527344,2
54,0,0,1,74.31004333496094,2
54,0,0,2,74.31004333496094,2
54,0,0,3,52.222843170166016,2
54,0,0,4,-4.052521705627441,2
54,0,0,5,-74.42866516113281,2
54,0,0,6,-30.58438491821289,2
54,0,0,7,-30.58438491821289,2
54,0,0,8,77.67157745361328,2
54,0,0,9,65.40348815917969,2
54,0,0,10,-1.7333924770355225,2
54,0,0,11,-1.7333924770355225,2
54,0,0,12,-37.06121826171875,2
54,0,0,13,-36.768463134765625,2
54,0,0,14,11.675909042358398,2
54,0,0,15,78.47505950927734,2
55,0,0,0,8.744132041931152,3
55,0,0,1,9.887420654296875,3
55,0,0,2,8.378969192504883,3
55,0,0,3,8.586536407470703,3
55,0,0,4,8.586536407470703,3
55,0,0,5,11.718361854553223,3
55,0,0,6,10.756640434265137,3
55,0,0,7,11.215819358825684,3
55,0,0,8,12.475839614868164,3
55,0,0,9,12.475839614868164,3
55,0,0,10,7.827536106109619,3
55,0,0,11,8.368414878845215,3
55,0,0,12,9.419392585754395,3
55,0,0,13,9.419392585754395,3
55,0,0,14,9.320713996887207,3
55,0,0,15,8.30879020690918,3
56,0,0,0,9.419392585754395,3
56,0,0,1,9.419392585754395,3
56,0,0,2,9.320713996887207,3
56,0,0,3,8.30879020690918,3
56,0,0,4,10.499551773071289,3
56,0,0,5,10.499551773071289,3
56,0,0,6,10.393468856811523,3
56,0,0,7,8.165942192077637,3
56,0,0,8,13.17314624786377,3
56,0,0,9,7.8208513259887695,3
56,0,0,10,7.8208513259887695,3
56,0,0,11,11.98447322845459,3
56,0,0,12,9.1228666305542,3
56,0,0,13,8.357813835144043,3
56,0,0,14,8.035515785217285,3
56,0,0,15,8.035515785217285,3
57,0,0,0,9.1228666305542,3
57,0,0,1,8.357813835144043,3
57,0,0,2,8.035515785217285,3
57,0,0,3,8.035515785217285,3
57,0,0,4,9.657232284545898,3
57,0,0,5,9.834796905517578,3
57,0,0,6,10.571999549865723,3
57,0,0,7,10.571999549865723,3
57,0,0,8,11.1179838180542,3
57,0,0,9,8.459470748901367,3
57,0,0,10,11.291275024414062,3
57,0,0,11,12.391066551208496,3
57,0,0,12,12.391066551208496,3
57,0,0,13,8.572975158691406,3
57,0,0,14,8.398159980773926,3
57,0,0,15,10.39444637298584,3
58,0,0,0,8.383824348449707,3
58,0,0,1,8.383824348449707,3
58,0,0,2,10.207640647888184,3
58,0,0,3,10.219927787780762,3
58,0,0,4,10.219927787780762,3
58,0,0,5,10.077875137329102,3
58,0,0,6,9.92923355102539,3
58,0,0,7,11.948847770690918,3
58,0,0,8,11.948847770690918,3
58,0,0,9,8.435672760009766,3
58,0,0,10,12.288058280944824,3
58,0,0,11,9.901690483093262,3
58,0,0,12,9.920259475708008,3
58,0,0,13,9.920259475708008,3
58,0,0,14,8.471442222595215,3
58,0,0,15,10.296916007995605,3
59,0,0,0,9.920259475708008,3
59,0,0,1,9.920259475708008,3
59,0,0,2,8.471442222595215,3
59,0,0,3,10.296916007995605,3
59,0,0,4,11.050313949584961,3
59,0,0,5,11.050313949584961,3
59,0,0,6,10.065502166748047,3
59,0,0,7,14.18160343170166,3
59,0,0,8,5.930054664611816,3
59,0,0,9,8.02864933013916,3
59,0,0,10,8.02864933013916,3
59,0,0,11,11.279218673706055,3
59,0,0,12,9.711418151855469,3
59,0,0,13,7.381094455718994,3
59,0,0,14,7.381094455718994,3
59,0,0,15,8.559988975524902,3
60,0,0,0,9.711418151855469,3
60,0,0,1,7.381094455718994,3
60,0,0,2,7.381094455718994,3
60,0,0,3,8.559988975524902,3
60,0,0,4,8.176850318908691,3
60,0,0,5,14.58330249786377,3
60,0,0,6,7.41405725479126,3
60,0,0,7,7.41405725479126,3
60,0,0,8,11.755711555480957,3
60,0,0,9,9.652770042419434,3
60,0,0,10,8.483068466186523,3
60,0,0,11,8.483068466186523,3
60,0,0,12,7.837965488433838,3
60,0,0,13,9.588117599487305,3
60,0,0,14,9.652386665344238,3
60,0,0,15,9.652386665344238,3
61,0,0,0,10.317792892456055,3
61,0,0,1,9.585838317871094,3
61,0,0,2,10.425494194030762,3
61,0,0,3,10.878256797790527,3
61,0,0,4,9.248763084411621,3
61,0,0,5,9.428509712219238,3
61,0,0,6,9.428509712219238,3
61,0,0,7,9.25711441040039,3
61,0,0,8,10.809954643249512,3
61,0,0,9,7.56595516204834,3
61,0,0,10,7.4056010246276855,3
61,0,0,11,7.4056010246276855,3
61,0,0,12,8.863554954528809,3
61,0,0,13,10.539783477783203,3
61,0,0,14,10.424919128417969,3
61,0,0,15,10.424919128417969,3
62,0,0,0,8.863554954528809,3
62,0,0,1,10.539783477783203,3
62,0,0,2,10.424919128417969,3
62,0,0,3,10.424919128417969,3
62,0,0,4,10.623964309692383,3
62,0,0,5,10.67784309387207,3
62,0,0,6,12.687190055847168,3
62,0,0,7,9.42986011505127,3
62,0,0,8,9.42986011505127,3
62,0,0,9,7.778904914855957,3
62,0,0,10,9.36906623840332,3
62,0,0,11,8.620543479919434,3
62,0,0,12,8.620543479919434,3
62,0,0,13,10.248006820678711,3
62,0,0,14,10.980957984924316,3
62,0,0,15,9.747916221618652,3
63,0,0,0,8.620543479919434,3
63,0,0,1,10.248006820678711,3
63,0,0,2,10.980957984924316,3
63,0,0,3,9.747916221618652,3
63,0,0,4,9.747916221618652,3
63,0,0,5,12.060370445251465,3
63,0,0,6,6.83225679397583,3
63,0,0,7,10.421547889709473,3
63,0,0,8,7.82687520980835,3
63,0,0,9,7.82687520980835,3
63,0,0,10,7.527945041656494,3
63,0,0,11,8.393458366394043,3
63,0,0,12,10.800176620483398,3
63,0,0,13,10.800176620483398,3
63,0,0,14,10.99117660522461,3
63,0,0,15,10.609712600708008,3
64,0,0,0,9.411951065063477,3
64,0,0,1,9.957647323608398,3
64,0,0,2,9.071601867675781,3
64,0,0,3,9.071601867675781,3
64,0,0,4,9.234665870666504,3
64,0,0,5,9.633750915527344,3
64,0,0,6,9.534994125366211,3
64,0,0,7,10.583415031433105,3
64,0,0,8,10.583415031433105,3
64,0,0,9,9.871782302856445,3
64,0,0,10,11.274065971374512,3
64,0,0,11,9.358800888061523,3
64,0,0,12,9.358800888061523,3
64,0,0,13,7.87628173828125,3
64,0,0,14,13.58792781829834,3
64,0,0,15,8.602375984191895,3
65,0,0,0,9.358800888061523,3
65,0,0,1,7.87628173828125,3
65,0,0,2,13.58792781829834,3
65,0,0,3,8.602375984191895,3
65,0,0,4,5.553149700164795,3
65,0,0,5,5.553149700164795,3
65,0,0,6,9.859465599060059,3
65,0,0,7,13.370820999145508,3
65,0,0,8,10.938868522644043,3
65,0,0,9,10.938868522644043,3
65,0,0,10,12.328903198242188,3
65,0,0,11,6.925017356872559,3
65,0,0,12,7.2280378341674805,3
65,0,0,13,7.2280378341674805,3
65,0,0,14,9.852034568786621,3
65,0,0,15,9.243868827819824,3
66,0,0,0,7.2280378341674805,3
66,0,0,1,7.2280378341674805,3
66,0,0,2,9.852034568786621,3
66,0,0,3,9.243868827819824,3
66,0,0,4,9.201568603515625,3
66,0,0,5,8.829394340515137,3
66,0,0,6,8.829394340515137,3
66,0,0,7,9.35976791381836,3
66,0,0,8,11.644593238830566,3
66,0,0,9,11.833877563476562,3
66,0,0,10,11.833877563476562,3
66,0,0,11,10.096654891967773,3
66,0,0,12,7.020134925842285,3
66,0,0,13,12.25692367553711,3
66,0,0,14,7.298340797424316,3
66,0,0,15,7.298340797424316,3
67,0,0,0,8.6453857421875,3
67,0,0,1,8.6453857421875,3
67,0,0,2,9.630446434020996,3
67,0,0,3,9.630446434020996,3
67,0,0,4,9.363445281982422,3
67,0,0,5,9.419306755065918,3
67,0,0,6,9.5604887008667,3
67,0,0,7,9.489274024963379,3
67,0,0,8,9.489274024963379,3
67,0,0,9,8.722784996032715,3
67,0,0,10,8.01677417755127,3
67,0,0,11,8.80798053741455,3
67,0,0,12,8.80798053741455,3
67,0,0,13,10.482064247131348,3
67,0,0,14,12.530734062194824,3
67,0,0,15,10.524949073791504,3
68,0,0,0,8.80798053741455,3
68,0,0,1,10.482064247131348,3
68,0,0,2,12.530734062194824,3
68,0,0,3,10.524949073791504,3
68,0,0,4,12.645761489868164,3
68,0,0,5,12.645761489868164,3
68,0,0,6,10.654035568237305,3
68,0,0,7,7.573731422424316,3
68,0,0,8,9.974933624267578,3
68,0,0,9,9.974933624267578,3
68,0,0,10,7.434762001037598,3
68,0,0,11,7.1501784324646,3
68,0,0,12,9.837995529174805,3
68,0,0,13,9.913288116455078,3
68,0,0,14,9.913288116455078,3
68,0,0,15,10.364652633666992,3
69,0,0,0,9.837995529174805,3
69,0,0,1,9.913288116455078,3
69,0,0,2,9.913288116455078,3
69,0,0,3,10.364652633666992,3
69,0,0,4,11.85059928894043,3
69,0,0,5,10.835103988647461,3
69,0,0,6,10.835103988647461,3
69,0,0,7,11.52690315246582,3
69,0,0,8,8.205436706542969,3
69,0,0,9,10.443517684936523,3
69,0,0,10,10.443517684936523,3
69,0,0,11,7.59200382232666,3
69,0,0,12,6.404374599456787,3
69,0,0,13,8.540270805358887,3
69,0,0,14,11.874693870544434,3
69,0,0,15,11.874693870544434,3
70,0,0,0,9.486056327819824,3
70,0,0,1,8.725111961364746,3
70,0,0,2,10.684757232666016,3
70,0,0,3,9.648221015930176,3
70,0,0,4,10.686922073364258,3
70,0,0,5,10.686922073364258,3
70,0,0,6,8.322426795959473,3
70,0,0,7,7.1997761726379395,3
70,0,0,8,8.232855796813965,3
70,0,0,9,8.232855796813965,3
70,0,0,10,13.809123039245605,3
70,0,0,11,7.507392883300781,3
70,0,0,12,6.965221405029297,3
70,0,0,13,8.40640640258789,3
70,0,0,14,8.40640640258789,3
70,0,0,15,11.955609321594238,3
71,0,0,0,6.965221405029297,3
71,0,0,1,8.40640640258789,3
71,0,0,2,8.40640640258789,3
71,0,0,3,11.955609321594238,3
71,0,0,4,13.859688758850098,3
71,0,0,5,10.265196800231934,3
71,0,0,6,10.265196800231934,3
71,0,0,7,8.299001693725586,3
71,0,0,8,9.75410270690918,3
71,0,0,9,7.083743572235107,3
71,0,0,10,7.6038408279418945,3
71,0,0,11,7.6038408279418945,3
71,0,0,12,9.079943656921387,3
71,0,0,13,11.904986381530762,3
71,0,0,14,11.45728874206543,3
71,0,0,15,11.45728874206543,3
72,0,0,0,9.079943656921387,3
72,0,0,1,11.904986381530762,3
72,0,0,2,11.45728874206543,3
72,0,0,3,11.45728874206543,3
72,0,0,4,13.33586597442627,3
72,0,0,5,8.188591003417969,3
72,0,0,6,6.6609086990356445,3
72,0,0,7,9.200773239135742,3
72,0,0,8,9.200773239135742,3
72,0,0,9,9.441821098327637,3
72,0,0,10,9.941749572753906,3
72,0,0,11,9.253532409667969,3
72,0,0,12,9.253532409667969,3
72,0,0,13,9.894143104553223,3
72,0,0,14,9.016295433044434,3
72,0,0,15,14.251744270324707,3
73,0,0,0,9.840063095092773,3
73,0,0,1,12.141887664794922,3
73,0,0,2,11.220014572143555,3
73,0,0,3,9.862032890319824,3
73,0,0,4,9.862032890319824,3
73,0,0,5,8.182500839233398,3
73,0,0,6,8.55031681060791,3
73,0,0,7,8.829039573669434,3
73,0,0,8,9.101605415344238,3
73,0,0,9,9.101605415344238,3
73,0,0,10,10.396897315979004,3
73,0,0,11,9.459874153137207,3
73,0,0,12,10.36626148223877,3
73,0,0,13,10.36626148223877,3
73,0,0,14,8.681374549865723,3
73,0,0,15,10.62867546081543,3
74,0,0,0,10.36626148223877,3
74,0,0,1,10.36626148223877,3
74,0,0,2,8.681374549865723,3
74,0,0,3,10.62867546081543,3
74,0,0,4,8.159966468811035,3
74,0,0,5,8.282702445983887,3
74,0,0,6,8.282702445983887,3
74,0,0,7,8.169657707214355,3
74,0,0,8,9.7132568359375,3
74,0,0,9,8.511310577392578,3
74,0,0,10,8.511310577392578,3
74,0,0,11,11.710691452026367,3
74,0,0,12,12.412776947021484,3
74,0,0,13,12.671063423156738,3
74,0,0,14,12.671063423156738,3
74,0,0,15,6.608169078826904,3
75,0,0,0,12.412776947021484,3
75,0,0,1,12.671063423156738,3
75,0,0,2,12.671063423156738,3
75,0,0,3,6.608169078826904,3
75,0,0,4,9.959342956542969,3
75,0,0,5,7.078658103942871,3
75,0,0,6,8.455228805541992,3
75,0,0,7,8.455228805541992,3
75,0,0,8,8.779911041259766,3
75,0,0,9,10.035345077514648,3
75,0,0,10,9.581231117248535,3
75,0,0,11,9.581231117248535,3
75,0,0,12,8.616252899169922,3
75,0,0,13,14.091054916381836,3
75,0,0,14,7.229081630706787,3
75,0,0,15,7.1939826011657715,3
76,0,0,0,8.466365814208984,3
76,0,0,1,7.82832145690918,3
76,0,0,2,8.046978950500488,3
76,0,0,3,7.865776538848877,3
76,0,0,4,8.35483455657959,3
76,0,0,5,9.761083602905273,3
76,0,0,6,9.761083602905273,3
76,0,0,7,10.000666618347168,3
76,0,0,8,8.47195053100586,3
76,0,0,9,10.660346031188965,3
76,0,0,10,10.660346031188965,3
76,0,0,11,10.467641830444336,3
76,0,0,12,10.250611305236816,3
76,0,0,13,9.815096855163574,3
76,0,0,14,9.815096855163574,3
76,0,0,15,9.247124671936035,3
77,0,0,0,10.250611305236816,3
77,0,0,1,9.815096855163574,3
77,0,0,2,9.815096855163574,3
77,0,0,3,9.247124671936035,3
77,0,0,4,9.05886459350586,3
77,0,0,5,9.244117736816406,3
77,0,0,6,9.778992652893066,3
77,0,0,7,9.778992652893066,3
77,0,0,8,9.50093936920166,3
77,0,0,9,8.537618637084961,3
77,0,0,10,11.91812515258789,3
77,0,0,11,11.91812515258789,3
77,0,0,12,10.811860084533691,3
77,0,0,13,10.51086139678955,3
77,0,0,14,8.079377174377441,3
77,0,0,15,8.30270767211914,3
78,0,0,0,10.811860084533691,3
78,0,0,1,10.51086139678955,3
78,0,0,2,8.079377174377441,3
78,0,0,3,8.30270767211914,3
78,0,0,4,8.30270767211914,3
78,0,0,5,9.823601722717285,3
78,0,0,6,10.242682456970215,3
78,0,0,7,9.601601600646973,3
78,0,0,8,9.601601600646973,3
78,0,0,9,13.261435508728027,3
78,0,0,10,10.110503196716309,3
78,0,0,11,7.474640369415283,3
78,0,0,12,6.243493556976318,3
78,0,0,13,6.243493556976318,3
78,0,0,14,6.662785530090332,3
78,0,0,15,7.206815242767334,3
79,0,0,0,9.694802284240723,0
79,0,0,1,7.721856117248535,0
79,0,0,2,8.520772933959961,0
79,0,0,3,8.38607406616211,0
79,0,0,4,8.38607406616211,0
79,0,0,5,9.236475944519043,0
79,0,0,6,7.950492858886719,0
79,0,0,7,7.005587577819824,0
79,0,0,8,7.005587577819824,0
79,0,0,9,9.016611099243164,0
79,0,0,10,15.67575740814209,0
79,0,0,11,6.470521450042725,0
79,0,0,12,10.891013145446777,0
79,0,0,13,10.891013145446777,0
79,0,0,14,6.967375755310059,0
79,0,0,15,34.929134368896484,0
80,0,0,0,10.891013145446777,0
80,0,0,1,10.891013145446777,0
80,0,0,2,6.967375755310059,0
80,0,0,3,34.929134368896484,0
80,0,0,4,48.267295837402344,0
80,0,0,5,48.267295837402344,0
80,0,0,6,-4.9117045402526855,0
80,0,0,7,-24.092823028564453,0
80,0,0,8,-5.3181633949279785,0
80,0,0,9,2.1356279850006104,0
80,0,0,10,2.1356279850006104,0
80,0,0,11,60.82734680175781,0
80,0,0,12,13.864706993103027,0
80,0,0,13,6.137440204620361,0
80,0,0,14,6.137440204620361,0
80,0,0,15,-0.6095829010009766,0
81,0,0,0,13.864706993103027,0
81,0,0,1,6.137440204620361,0
81,0,0,2,6.137440204620361,0
81,0,0,3,-0.6095829010009766,0
81,0,0,4,16.882253646850586,0
81,0,0,5,70.1625747680664,0
81,0,0,6,17.036890029907227,0
81,0,0,7,17.036890029907227,0
81,0,0,8,-0.2651243209838867,0
81,0,0,9,-12.382696151733398,0
81,0,0,10,-7.942543983459473,0
81,0,0,11,-7.942543983459473,0
81,0,0,12,-2.9071545600891113,0
81,0,0,13,30.561927795410156,0
81,0,0,14,19.56352996826172,0
81,0,0,15,5.809683799743652,0
82,0,0,0,8.467142105102539,0
82,0,0,1,7.179119110107422,0
82,0,0,2,3.9641754627227783,0
82,0,0,3,-1.5118138790130615,0
82,0,0,4,2.5813708305358887,0
82,0,0,5,29.498977661132812,0
82,0,0,6,11.344655990600586,0
82,0,0,7,8.020020484924316,0
82,0,0,8,18.283666610717773,0
82,0,0,9,9.35648250579834,0
82,0,0,10,23.837467193603516,0
82,0,0,11,10.604589462280273,0
82,0,0,12,-0.12985192239284515,0
82,0,0,13,-1.076528787612915,0
82,0,0,14,-5.183130741119385,0
82,0,0,15,-20.639434814453125,0
83,0,0,0,-0.12985192239284515,0
83,0,0,1,-1.076528787612915,0
83,0,0,2,-5.183130741119385,0
83,0,0,3,-20.639434814453125,0
83,0,0,4,2.9680440425872803,0
83,0,0,5,40.568233489990234,0
83,0,0,6,32.73768997192383,0
83,0,0,7,6.362945079803467,0
83,0,0,8,2.658703565597534,0
83,0,0,9,0.05825571343302727,0
83,0,0,10,-1.4472565650939941,0
83,0,0,11,-1.8309322595596313,0
83,0,0,12,3.5869739055633545,0
83,0,0,13,33.001991271972656,0
83,0,0,14,35.86129379272461,0
83,0,0,15,3.8225247859954834,0
84,0,0,0,3.5869739055633545,0
84,0,0,1,33.001991271972656,0
84,0,0,2,35.86129379272461,0
84,0,0,3,3.8225247859954834,0
84,0,0,4,-11.791740417480469,0
84,0,0,5,-10.339388847351074,0
84,0,0,6,-6.343925952911377,0
84,0,0,7,-6.234041690826416,0
84,0,0,8,-16.529443740844727,0
84,0,0,9,38.98363494873047,0
84,0,0,10,25.87076759338379,0
84,0,0,11,-2.5842247009277344,0
84,0,0,12,4.836287498474121,0
84,0,0,13,11.70700454711914,0
84,0,0,14,12.848731994628906,0
84,0,0,15,21.54989242553711,0
85,0,0,0,5.985753536224365,0
85,0,0,1,8.835246086120605,0
85,0,0,2,5.952780246734619,0
85,0,0,3,11.477563858032227,0
85,0,0,4,1.2183613777160645,0
85,0,0,5,1.2183613777160645,0
85,0,0,6,-8.313396453857422,0
85,0,0,7,-10.311319351196289,0
85,0,0,8,54.71000671386719,0
85,0,0,9,54.71000671386719,0
85,0,0,10,25.527677536010742,0
85,0,0,11,-1.9019922018051147,0
85,0,0,12,7.4861321449279785,0
85,0,0,13,7.4861321449279785,0
85,0,0,14,24.329246520996094,0
85,0,0,15,7.865220546722412,0
86,0,0,0,7.4861321449279785,0
86,0,0,1,7.4861321449279785,0
86,0,0,2,24.329246520996094,0
86,0,0,3,7.865220546722412,0
86,0,0,4,-8.399175643920898,0
86,0,0,5,-4.086097717285156,0
86,0,0,6,-4.086097717285156,0
86,0,0,7,-11.70810604095459,0
86,0,0,8,1.5441068410873413,0
86,0,0,9,31.707487106323242,0
86,0,0,10,31.707487106323242,0
86,0,0,11,9.14046859741211,0
86,0,0,12,3.4946248531341553,0
86,0,0,13,3.715092182159424,0
86,0,0,14,-1.9861626625061035,0
86,0,0,15,-1.9861626625061035,0
87,0,0,0,3.4946248531341553,0
87,0,0,1,3.715092182159424,0
87,0,0,2,-1.9861626625061035,0
87,0,0,3,-1.9861626625061035,0
87,0,0,4,-2.1055281162261963,0
87,0,0,5,51.33041000366211,0
87,0,0,6,-2.8506228923797607,0
87,0,0,7,-2.8506228923797607,0
87,0,0,8,-2.038461685180664,0
87,0,0,9,-9.934088706970215,0
87,0,0,10,-4.947177410125732,0
87,0,0,11,-4.377424240112305,0
87,0,0,12,-4.377424240112305,0
87,0,0,13,4.274473667144775,0
87,0,0,14,3.0842201709747314,0
87,0,0,15,-3.6176867485046387,0
88,0,0,0,7.781615257263184,0
88,0,0,1,1.9003736972808838,0
88,0,0,2,5.488008499145508,0
88,0,0,3,5.488008499145508,0
88,0,0,4,0.8063958883285522,0
88,0,0,5,-3.1387219429016113,0
88,0,0,6,30.767675399780273,0
88,0,0,7,30.767675399780273,0
88,0,0,8,2.228360176086426,0
88,0,0,9,16.39444923400879,0
88,0,0,10,23.59686851501465,0
88,0,0,11,43.49304962158203,0
88,0,0,12,10.899641990661621,0
88,0,0,13,-7.622879505157471,0
88,0,0,14,-5.356528282165527,0
88,0,0,15,-23.719921112060547,0
89,0,0,0,10.899641990661621,0
89,0,0,1,-7.622879505157471,0
89,0,0,2,-5.356528282165527,0
89,0,0,3,-23.719921112060547,0
89,0,0,4,-0.18186356127262115,0
89,0,0,5,11.485023498535156,0
89,0,0,6,44.13190460205078,0
89,0,0,7,9.658736228942871,0
89,0,0,8,18.256084442138672,0
89,0,0,9,11.909256935119629,0
89,0,0,10,6.160721778869629,0
89,0,0,11,-0.8723704814910889,0
89,0,0,12,2.0779850482940674,0
89,0,0,13,75.99359893798828,0
89,0,0,14,36.010467529296875,0
89,0,0,15,0.6638451218605042,0
90,0,0,0,2.0779850482940674,0
90,0,0,1,75.99359893798828,0
90,0,0,2,36.010467529296875,0
90,0,0,3,0.6638451218605042,0
90,0,0,4,-12.176546096801758,0
90,0,0,5,-22.48189926147461,0
90,0,0,6,-1.7411783933639526,0
90,0,0,7,-1.2779768705368042,0
90,0,0,8,-3.2416439056396484,0
90,0,0,9,27.327207565307617,0
90,0,0,10,20.935636520385742,0
90,0,0,11,4.142437934875488,0
90,0,0,12,7.266028881072998,0
90,0,0,13,4.832456588745117,0
90,0,0,14,6.4370598793029785,0
90,0,0,15,24.023963928222656,0
91,0,0,0,9.842342376708984,0
91,0,0,1,3.2262442111968994,0
91,0,0,2,5.912519454956055,0
91,0,0,3,3.4924700260162354,0
91,0,0,4,3.40000581741333,0
91,0,0,5,-0.7634726166725159,0
91,0,0,6,-0.4417014718055725,0
91,0,0,7,15.047797203063965,0
91,0,0,8,17.94021224975586,0
91,0,0,9,-2.1739542484283447,0
91,0,0,10,16.312211990356445,0
91,0,0,11,9.224504470825195,0
91,0,0,12,11.392732620239258,0
91,0,0,13,38.22189712524414,0
91,0,0,14,27.961671829223633,0
91,0,0,15,-10.965587615966797,0
92,0,0,0,11.392732620239258,0
92,0,0,1,38.22189712524414,0
92,0,0,2,27.961671829223633,0
92,0,0,3,-10.965587615966797,0
92,0,0,4,0.2801694869995117,0
92,0,0,5,-20.071455001831055,0
92,0,0,6,-10.172551155090332,0
92,0,0,7,4.777830600738525,0
92,0,0,8,-0.716249406337738,0
92,0,0,9,25.029386520385742,0
92,0,0,10,36.265174865722656,0
92,0,0,11,2.1151046752929688,0
92,0,0,12,2.1151046752929688,0
92,0,0,13,3.232421398162842,0
92,0,0,14,-3.1971116065979004,0
92,0,0,15,-8.962013244628906,0
93,0,0,0,2.1151046752929688,0
93,0,0,1,3.232421398162842,0
93,0,0,2,-3.1971116065979004,0
93,0,0,3,-8.962013244628906,0
93,0,0,4,-8.962013244628906,0
93,0,0,5,60.0642204284668,0
93,0,0,6,-9.354721069335938,0
93,0,0,7,1.1231105327606201,0
93,0,0,8,-21.779354095458984,0
93,0,0,9,-21.779354095458984,0
93,0,0,10,2.5635483264923096,0
93,0,0,11,6.0751051902771,0
93,0,0,12,11.159546852111816,0
93,0,0,13,11.159546852111816,0
93,0,0,14,-10.642858505249023,0
93,0,0,15,6.419256687164307,0
94,0,0,0,5.440402030944824,0
94,0,0,1,4.7875895500183105,0
94,0,0,2,3.6508989334106445,0
94,0,0,3,4.656348705291748,0
94,0,0,4,2.360883951187134,0
94,0,0,5,2.360883951187134,0
94,0,0,6,7.704004764556885,0
94,0,0,7,17.673622131347656,0
94,0,0,8,0.3407810926437378,0
94,0,0,9,16.097339630126953,0
94,0,0,10,16.097339630126953,0
94,0,0,11,23.048952102661133,0
94,0,0,12,52.13406753540039,0
94,0,0,13,-10.676185607910156,0
94,0,0,14,-10.676185607910156,0
94,0,0,15,8.486114501953125,0
95,0,0,0,52.13406753540039,0
95,0,0,1,-10.676185607910156,0
95,0,0,2,-10.676185607910156,0
95,0,0,3,8.486114501953125,0
95,0,0,4,-19.40276336669922,0
95,0,0,5,2.9930202960968018,0
95,0,0,6,2.9930202960968018,0
95,0,0,7,29.561420440673828,0
95,0,0,8,14.977494239807129,0
95,0,0,9,2.737884521484375,0
95,0,0,10,-7.499520778656006,0
95,0,0,11,-7.499520778656006,0
95,0,0,12,-6.43704080581665,0
95,0,0,13,14.673592567443848,0
95,0,0,14,64.12139129638672,0
95,0,0,15,64.12139129638672,0
96,0,0,0,-6.43704080581665,0
96,0,0,1,14.673592567443848,0
96,0,0,2,64.12139129638672,0
96,0,0,3,64.12139129638672,0
96,0,0,4,-11.236717224121094,0
96,0,0,5,-10.41885757446289,0
96,0,0,6,-24.297019958496094,0
96,0,0,7,10.734288215637207,0
96,0,0,8,10.734288215637207,0
96,0,0,9,7.409843921661377,0
96,0,0,10,35.81242370605469,0
96,0,0,11,35.81721878051758,0
96,0,0,12,35.81721878051758,0
96,0,0,13,4.915410995483398,0
96,0,0,14,-1.382000207901001,0
96,0,0,15,-0.39923790097236633,0
97,0,0,0,7.281705856323242,0
97,0,0,1,6.547739028930664,0
97,0,0,2,6.8628740310668945,0
97,0,0,3,7.358272552490234,0
97,0,0,4,5.138646602630615,0
97,0,0,5,9.529631614685059,0
97,0,0,6,9.529631614685059,0
97,0,0,7,16.17131996154785,0
97,0,0,8,4.22568941116333,0
97,0,0,9,-4.173783302307129,0
97,0,0,10,-4.173783302307129,0
97,0,0,11,-13.020330429077148,0
97,0,0,12,5.849819660186768,0
97,0,0,13,15.21023941040039,0
97,0,0,14,7.027077674865723,0
97,0,0,15,7.027077674865723,0
98,0,0,0,5.849819660186768,0
98,0,0,1,15.21023941040039,0
98,0,0,2,7.027077674865723,0
98,0,0,3,7.027077674865723,0
98,0,0,4,4.5495195388793945,0
98,0,0,5,4.39558219909668,0
98,0,0,6,6.267110347747803,0
98,0,0,7,6.267110347747803,0
98,0,0,8,80.40275573730469,0
98,0,0,9,-5.466240406036377,0
98,0,0,10,-5.0043792724609375,0
98,0,0,11,-24.77476692199707,0
98,0,0,12,-24.77476692199707,0
98,0,0,13,2.834773302078247,0
98,0,0,14,31.483781814575195,0
98,0,0,15,24.42185401916504,0
99,0,0,0,-24.77476692199707,0
99,0,0,1,2.834773302078247,0
99,0,0,2,31.483781814575195,0
99,0,0,3,24.42185401916504,0
99,0,0,4,24.42185401916504,0
99,0,0,5,3.09822154045105,0
99,0,0,6,-0.0945422351360321,0
99,0,0,7,-0.021212628111243248,0
99,0,0,8,1.2541594505310059,0
99,0,0,9,1.2541594505310059,0
99,0,0,10,29.978124618530273,0
99,0,0,11,59.78620147705078,0
99,0,0,12,-0.920082151889801,0
99,0,0,13,-0.920082151889801,0
99,0,0,14,-11.783284187316895,0
99,0,0,15,-22.6986026763916,0
100,0,0,0,7.64998197555542,0
100,0,0,1,5.144650936126709,0
100,0,0,2,6.9690327644348145,0
100,0,0,3,5.050376892089844,0
100,0,0,4,5.050376892089844,0
100,0,0,5,6.9057297706604,0
100,0,0,6,-0.5868092775344849,0
100,0,0,7,-0.7689217925071716,0
100,0,0,8,-14.367441177368164,0
100,0,0,9,-14.367441177368164,0
100,0,0,10,50.30724334716797,0
100,0,0,11,7.244318008422852,0
100,0,0,12,6.89777135848999,0
100,0,0,13,6.89777135848999,0
100,0,0,14,0.28815653920173645,0
100,0,0,15,26.982892990112305,0
101,0,0,0,6.89777135848999,0
101,0,0,1,6.89777135848999,0
101,0,0,2,0.28815653920173645,0
101,0,0,3,26.982892990112305,0
101,0,0,4,37.75913619995117,0
101,0,0,5,-2.5028889179229736,0
101,0,0,6,-2.5028889179229736,0
101,0,0,7,-10.279313087463379,0
101,0,0,8,-21.014253616333008,0
101,0,0,9,-4.026280879974365,0
101,0,0,10,-4.026280879974365,0
101,0,0,11,15.079323768615723,0
101,0,0,12,7.537789344787598,0
101,0,0,13,3.6704931259155273,0
101,0,0,14,5.77402925491333,0
101,0,0,15,5.77402925491333,0
102,0,0,0,7.537789344787598,0
102,0,0,1,3.6704931259155273,0
102,0,0,2,5.77402925491333,0
102,0,0,3,5.77402925491333,0
102,0,0,4,6.0590925216674805,0
102,0,0,5,3.53637957572937,0
102,0,0,6,66.5035400390625,0
102,0,0,7,66.5035400390625,0
102,0,0,8,-8.63170051574707,0
102,0,0,9,4.148146152496338,0
102,0,0,10,-24.209428787231445,0
102,0,0,11,-24.209428787231445,0
102,0,0,12,-2.5098512172698975,0
102,0,0,13,-4.762287616729736,0
102,0,0,14,-4.453799247741699,0
102,0,0,15,25.995380401611328,0
103,0,0,0,8.6337308883667,0
103,0,0,1,8.6337308883667,0
103,0,0,2,1.146765112876892,0
103,0,0,3,1.146765112876892,0
103,0,0,4,2.005507707595825,0
103,0,0,5,-4.2270684242248535,0
103,0,0,6,31.457014083862305,0
103,0,0,7,31.457014083862305,0
103,0,0,8,14.467145919799805,0
103,0,0,9,25.15631866455078,0
103,0,0,10,35.333560943603516,0
103,0,0,11,35.333560943603516,0
103,0,0,12,18.625001907348633,0
103,0,0,13,-30.372373580932617,0
103,0,0,14,4.987332820892334,0
103,0,0,15,-6.166161060333252,0
104,0,0,0,18.625001907348633,0
104,0,0,1,-30.372373580932617,0
104,0,0,2,4.987332820892334,0
104,0,0,3,-6.166161060333252,0
104,0,0,4,-6.166161060333252,0
104,0,0,5,14.512645721435547,0
104,0,0,6,16.38413429260254,0
104,0,0,7,9.955196380615234,0
104,0,0,8,9.955196380615234,0
104,0,0,9,7.155655860900879,0
104,0,0,10,-1.0863068103790283,0
104,0,0,11,1.8129278421401978,0
104,0,0,12,33.30331039428711,0
104,0,0,13,33.30331039428711,0
104,0,0,14,-10.211739540100098,0
104,0,0,15,-11.050542831420898,0
105,0,0,0,33.30331039428711,0
105,0,0,1,33.30331039428711,0
105,0,0,2,-10.211739540100098,0
105,0,0,3,-11.050542831420898,0
105,0,0,4,-10.716169357299805,0
105,0,0,5,-10.716169357299805,0
105,0,0,6,23.98797607421875,0
105,0,0,7,3.570559024810791,0
105,0,0,8,1.9633028507232666,0
105,0,0,9,33.02418518066406,0
105,0,0,10,33.02418518066406,0
105,0,0,11,9.704312324523926,0
105,0,0,12,6.46950626373291,0
105,0,0,13,7.513847827911377,0
105,0,0,14,7.513847827911377,0
105,0,0,15,-4.442249298095703,0
106,0,0,0,8.200819969177246,0
106,0,0,1,9.543172836303711,0
106,0,0,2,8.95486068725586,0
106,0,0,3,7.179636001586914,0
106,0,0,4,7.179636001586914,0
106,0,0,5,18.06682777404785,0
106,0,0,6,2.973924160003662,0
106,0,0,7,-14.960236549377441,0
106,0,0,8,-14.960236549377441,0
106,0,0,9,-28.839759826660156,0
106,0,0,10,10.140707969665527,0
106,0,0,11,15.357933044433594,0
106,0,0,12,15.357933044433594,0
106,0,0,13,39.74501037597656,0
106,0,0,14,23.289539337158203,0
106,0,0,15,24.180986404418945,0
107,0,0,0,15.357933044433594,0
107,0,0,1,39.74501037597656,0
107,0,0,2,23.289539337158203,0
107,0,0,3,24.180986404418945,0
107,0,0,4,32.270076751708984,0
107,0,0,5,32.270076751708984,0
107,0,0,6,-2.3582406044006348,0
107,0,0,7,-12.973451614379883,0
107,0,0,8,-5.8655548095703125,0
107,0,0,9,-5.8655548095703125,0
107,0,0,10,-37.14397430419922,0
107,0,0,11,-14.388290405273438,0
107,0,0,12,-12.615230560302734,0
107,0,0,13,37.558387756347656,0
107,0,0,14,37.558387756347656,0
107,0,0,15,20.670923233032227,0
108,0,0,0,-12.615230560302734,0
108,0,0,1,37.558387756347656,0
108,0,0,2,37.558387756347656,0
108,0,0,3,20.670923233032227,0
108,0,0,4,35.56723403930664,0
108,0,0,5,65.1209945678711,0
108,0,0,6,65.1209945678711,0
108,0,0,7,32.35829544067383,0
108,0,0,8,-13.255976676940918,0
108,0,0,9,-27.467527389526367,0
108,0,0,10,-1.3681808710098267,0
108,0,0,11,-1.3681808710098267,0
108,0,0,12,-0.2562370300292969,0
108,0,0,13,-6.992486476898193,0
108,0,0,14,-13.87318229675293,0
108,0,0,15,-13.87318229675293,0
109,1,1,0,7.839085578918457,1
109,1,1,1,7.519229888916016,1
109,1,1,2,7.519229888916016,1
109,1,1,3,7.60018253326416,1
109,1,1,4,7.35241174697876,1
109,1,1,5,7.251730442047119,1
109,1,1,6,7.251730442047119,1
109,1,1,7,7.62973690032959,1
109,1,1,8,8.184549331665039,1
109,1,1,9,8.475014686584473,1
109,1,1,10,8.0430908203125,1
109,1,1,11,8.0430908203125,1
109,1,1,12,8.049468994140625,1
109,1,1,13,7.7259931564331055,1
109,1,1,14,7.8795857429504395,1
109,1,1,15,7.8795857429504395,1
110,1,1,0,8.049468994140625,1
110,1,1,1,7.7259931564331055,1
110,1,1,2,7.8795857429504395,1
110,1,1,3,7.8795857429504395,1
110,1,1,4,8.086215019226074,1
110,1,1,5,8.00913143157959,1
110,1,1,6,8.047429084777832,1
110,1,1,7,8.047429084777832,1
110,1,1,8,7.7647504806518555,1
110,1,1,9,8.00112533569336,1
110,1,1,10,8.073238372802734,1
110,1,1,11,7.999650478363037,1
110,1,1,12,7.999650478363037,1
110,1,1,13,7.876999855041504,1
110,1,1,14,7.898921489715576,1
110,1,1,15,8.001642227172852,1
111,1,1,0,7.999650478363037,1
111,1,1,1,7.876999855041504,1
111,1,1,2,7.898921489715576,1
111,1,1,3,8.001642227172852,1
111,1,1,4,8.001642227172852,1
111,1,1,5,7.990686416625977,1
111,1,1,6,7.9844231605529785,1
111,1,1,7,7.927967548370361,1
111,1,1,8,7.762423515319824,1
111,1,1,9,7.762423515319824,1
111,1,1,10,8.041970252990723,1
111,1,1,11,8.077155113220215,1
111,1,1,12,7.980477333068848,1
111,1,1,13,7.980477333068848,1
111,1,1,14,7.444520950317383,1
111,1,1,15,7.558102130889893,1
