ID,GENERO,EDAD,N,AC_Y,ACTIVIDAD
1,0,0,0,0.38665398955345154,1
1,0,0,1,0.24089500308036804,1
1,0,0,2,0.34174835681915283,1
1,0,0,3,0.2819124758243561,1
1,0,0,4,0.3432998061180115,1
1,0,0,5,0.3432998061180115,1
1,0,0,6,0.25221478939056396,1
1,0,0,7,0.3997167646884918,1
1,0,0,8,0.34752315282821655,1
1,0,0,9,0.2978578507900238,1
1,0,0,10,0.2978578507900238,1
1,0,0,11,0.38908651471138,1
1,0,0,12,0.40616196393966675,1
1,0,0,13,0.34766680002212524,1
1,0,0,14,0.34766680002212524,1
1,0,0,15,0.3557209074497223,1
2,0,0,0,0.40616196393966675,1
2,0,0,1,0.34766680002212524,1
2,0,0,2,0.34766680002212524,1
2,0,0,3,0.3557209074497223,1
2,0,0,4,0.33556172251701355,1
2,0,0,5,0.26942431926727295,1
2,0,0,6,0.26942431926727295,1
2,0,0,7,0.3994868993759155,1
2,0,0,8,0.3312617540359497,1
2,0,0,9,0.3602411448955536,1
2,0,0,10,0.32276710867881775,1
2,0,0,11,0.32276710867881775,1
2,0,0,12,0.3665235638618469,1
2,0,0,13,0.4398435950279236,1
2,0,0,14,0.31505781412124634,1
2,0,0,15,0.31505781412124634,1
3,0,0,0,0.3665235638618469,1
3,0,0,1,0.4398435950279236,1
3,0,0,2,0.31505781412124634,1
3,0,0,3,0.31505781412124634,1
3,0,0,4,0.4331781268119812,1
3,0,0,5,0.39157646894454956,1
3,0,0,6,0.33933499455451965,1
3,0,0,7,0.3098192811012268,1
3,0,0,8,0.3098192811012268,1
3,0,0,9,0.20576727390289307,1
3,0,0,10,0.28113675117492676,1
3,0,0,11,0.3815208375453949,1
3,0,0,12,0.3815208375453949,1
3,0,0,13,0.19841228425502777,1
3,0,0,14,0.38177940249443054,1
3,0,0,15,0.41908106207847595,1
4,0,0,0,0.4230267107486725,1
4,0,0,1,0.40134480595588684,1
4,0,0,2,0.483149915933609,1
4,0,0,3,0.2554709017276764,1
4,0,0,4,0.3883203864097595,1
4,0,0,5,0.3883203864097595,1
4,0,0,6,0.40176621079444885,1
4,0,0,7,0.4401404857635498,1
4,0,0,8,0.24962905049324036,1
4,0,0,9,0.24781903624534607,1
4,0,0,10,0.24781903624534607,1
4,0,0,11,0.36953067779541016,1
4,0,0,12,0.335025429725647,1
4,0,0,13,0.3319321274757385,1
4,0,0,14,0.3319321274757385,1
4,0,0,15,0.38674020767211914,1
5,0,0,0,0.335025429725647,1
5,0,0,1,0.3319321274757385,1
5,0,0,2,0.3319321274757385,1
5,0,0,3,0.38674020767211914,1
5,0,0,4,0.34165260195732117,1
5,0,0,5,0.32930806279182434,1
5,0,0,6,0.32930806279182434,1
5,0,0,7,0.288099080324173,1
5,0,0,8,0.3553090989589691,1
5,0,0,9,0.23964044451713562,1
5,0,0,10,0.3158814013004303,1
5,0,0,11,0.3158814013004303,1
5,0,0,12,0.27133965492248535,1
5,0,0,13,0.27246013283729553,1
5,0,0,14,0.314023494720459,1
5,0,0,15,0.314023494720459,1
6,0,0,0,0.27133965492248535,1
6,0,0,1,0.27246013283729553,1
6,0,0,2,0.314023494720459,1
6,0,0,3,0.314023494720459,1
6,0,0,4,0.43720996379852295,1
6,0,0,5,0.2499738186597824,1
6,0,0,6,0.29732152819633484,1
6,0,0,7,0.3936259150505066,1
6,0,0,8,0.3936259150505066,1
6,0,0,9,0.3399287760257721,1
6,0,0,10,0.15720327198505402,1
6,0,0,11,0.3758513629436493,1
6,0,0,12,0.3758513629436493,1
6,0,0,13,0.303900808095932,1
6,0,0,14,0.18511009216308594,1
6,0,0,15,0.29982107877731323,1
7,0,0,0,0.5116983652114868,1
7,0,0,1,0.3671268820762634,1
7,0,0,2,0.25902390480041504,1
7,0,0,3,0.35121023654937744,1
7,0,0,4,0.2581236958503723,1
7,0,0,5,0.4019577205181122,1
7,0,0,6,0.29297366738319397,1
7,0,0,7,0.29297366738319397,1
7,0,0,8,0.31184953451156616,1
7,0,0,9,0.38844484090805054,1
7,0,0,10,0.25657224655151367,1
7,0,0,11,0.25657224655151367,1
7,0,0,12,0.4754118323326111,1
7,0,0,13,0.3687645196914673,1
7,0,0,14,0.2206113338470459,1
7,0,0,15,0.3793181777000427,1
8,0,0,0,0.4754118323326111,1
8,0,0,1,0.3687645196914673,1
8,0,0,2,0.2206113338470459,1
8,0,0,3,0.3793181777000427,1
8,0,0,4,0.3793181777000427,1
8,0,0,5,0.27582162618637085,1
8,0,0,6,0.2890854775905609,1
8,0,0,7,0.35436099767684937,1
8,0,0,8,0.35436099767684937,1
8,0,0,9,0.298106849193573,1
8,0,0,10,0.4885607957839966,1
8,0,0,11,0.289018452167511,1
8,0,0,12,0.289018452167511,1
8,0,0,13,0.3525605797767639,1
8,0,0,14,0.3876499831676483,1
8,0,0,15,0.3261094391345978,1
9,0,0,0,0.289018452167511,1
9,0,0,1,0.3525605797767639,1
9,0,0,2,0.3876499831676483,1
9,0,0,3,0.3261094391345978,1
9,0,0,4,0.23483288288116455,1
9,0,0,5,0.23483288288116455,1
9,0,0,6,0.28198906779289246,1
9,0,0,7,0.37346673011779785,1
9,0,0,8,0.342820942401886,1
9,0,0,9,0.342820942401886,1
9,0,0,10,0.3037571609020233,1
9,0,0,11,0.40930312871932983,1
9,0,0,12,0.4260721504688263,1
9,0,0,13,0.32864728569984436,1
9,0,0,14,0.32864728569984436,1
9,0,0,15,0.18606777489185333,1
10,0,0,0,1.6408709287643433,1
10,0,0,1,1.444661259651184,1
10,0,0,2,1.444661259651184,1
10,0,0,3,1.4168694019317627,1
10,0,0,4,1.358527421951294,1
10,0,0,5,1.4888007640838623,1
10,0,0,6,1.315757393836975,1
10,0,0,7,1.315757393836975,1
10,0,0,8,1.345167875289917,1
10,0,0,9,1.3615058660507202,1
10,0,0,10,1.339019536972046,1
10,0,0,11,1.339019536972046,1
10,0,0,12,1.2714935541152954,1
10,0,0,13,1.328801155090332,1
10,0,0,14,1.270593285560608,1
10,0,0,15,1.270593285560608,1
11,0,0,0,1.2714935541152954,1
11,0,0,1,1.328801155090332,1
11,0,0,2,1.270593285560608,1
11,0,0,3,1.270593285560608,1
11,0,0,4,1.3087280988693237,1
11,0,0,5,1.314100742340088,1
11,0,0,6,1.4414243698120117,1
11,0,0,7,1.2843647003173828,1
11,0,0,8,1.2843647003173828,1
11,0,0,9,1.249830722808838,1
11,0,0,10,1.4312633275985718,1
11,0,0,11,1.197541356086731,1
11,0,0,12,1.197541356086731,1
11,0,0,13,1.4095431566238403,1
11,0,0,14,1.2631616592407227,1
11,0,0,15,1.3131142854690552,1
12,0,0,0,1.197541356086731,1
12,0,0,1,1.4095431566238403,1
12,0,0,2,1.2631616592407227,1
12,0,0,3,1.3131142854690552,1
12,0,0,4,1.3721073865890503,1
12,0,0,5,1.3721073865890503,1
12,0,0,6,1.423697590827942,1
12,0,0,7,1.4000333547592163,1
12,0,0,8,1.2771438360214233,1
12,0,0,9,1.2771438360214233,1
12,0,0,10,1.251947283744812,1
12,0,0,11,1.264100193977356,1
12,0,0,12,1.2428971529006958,1
12,0,0,13,1.2428971529006958,1
12,0,0,14,1.367568016052246,1
12,0,0,15,1.3297301530838013,1
13,0,0,0,1.2093878984451294,1
13,0,0,1,1.4299895763397217,1
13,0,0,2,1.2982127666473389,1
13,0,0,3,1.2982127666473389,1
13,0,0,4,1.1945726871490479,1
13,0,0,5,1.253211259841919,1
13,0,0,6,1.2009412050247192,1
13,0,0,7,1.2009412050247192,1
13,0,0,8,1.1202278137207031,1
13,0,0,9,1.1752082109451294,1
13,0,0,10,1.1308101415634155,1
13,0,0,11,1.3512012958526611,1
13,0,0,12,1.3512012958526611,1
13,0,0,13,1.0643471479415894,1
13,0,0,14,1.0829836130142212,1
13,0,0,15,1.1988533735275269,1
14,0,0,0,1.3512012958526611,1
14,0,0,1,1.0643471479415894,1
14,0,0,2,1.0829836130142212,1
14,0,0,3,1.1988533735275269,1
14,0,0,4,1.1988533735275269,1
14,0,0,5,1.1758211851119995,1
14,0,0,6,1.1186476945877075,1
14,0,0,7,1.1541584730148315,1
14,0,0,8,1.1541584730148315,1
14,0,0,9,1.142302393913269,1
14,0,0,10,1.1896309852600098,1
14,0,0,11,1.1971486806869507,1
14,0,0,12,1.2496966123580933,1
14,0,0,13,1.2496966123580933,1
14,0,0,14,1.1138017177581787,1
14,0,0,15,1.1965837478637695,1
15,0,0,0,1.2496966123580933,1
15,0,0,1,1.2496966123580933,1
15,0,0,2,1.1138017177581787,1
15,0,0,3,1.1965837478637695,1
15,0,0,4,1.070332646369934,1
15,0,0,5,1.070332646369934,1
15,0,0,6,1.2514874935150146,1
15,0,0,7,1.287630319595337,1
15,0,0,8,1.2318167686462402,1
15,0,0,9,1.1474547386169434,1
15,0,0,10,1.1474547386169434,1
15,0,0,11,1.2221729755401611,1
15,0,0,12,1.169069528579712,1
15,0,0,13,1.2794039249420166,1
15,0,0,14,1.2794039249420166,1
15,0,0,15,1.3597246408462524,1
16,0,0,0,1.2006921768188477,1
16,0,0,1,1.154445767402649,1
16,0,0,2,1.154445767402649,1
16,0,0,3,1.0739814043045044,1
16,0,0,4,1.2267218828201294,1
16,0,0,5,1.0820163488388062,1
16,0,0,6,1.0820163488388062,1
16,0,0,7,1.126950740814209,1
16,0,0,8,1.2223645448684692,1
16,0,0,9,1.2722500562667847,1
16,0,0,10,1.159866213798523,1
16,0,0,11,1.159866213798523,1
16,0,0,12,1.0983160734176636,1
16,0,0,13,1.121961236000061,1
16,0,0,14,1.072841763496399,1
16,0,0,15,1.072841763496399,1
17,0,0,0,1.0983160734176636,1
17,0,0,1,1.121961236000061,1
17,0,0,2,1.072841763496399,1
17,0,0,3,1.072841763496399,1
17,0,0,4,1.089936375617981,1
17,0,0,5,1.1203714609146118,1
17,0,0,6,1.1637927293777466,1
17,0,0,7,1.1190019845962524,1
17,0,0,8,1.1190019845962524,1
17,0,0,9,1.0515429973602295,1
17,0,0,10,1.2102307081222534,1
17,0,0,11,1.0710605382919312,1
17,0,0,12,1.0710605382919312,1
17,0,0,13,1.1074235439300537,1
17,0,0,14,1.1195956468582153,1
17,0,0,15,1.1191169023513794,1
18,0,0,0,1.0710605382919312,1
18,0,0,1,1.1074235439300537,1
18,0,0,2,1.1195956468582153,1
18,0,0,3,1.1191169023513794,1
18,0,0,4,1.1191169023513794,1
18,0,0,5,1.285351037979126,1
18,0,0,6,1.2143486738204956,1
18,0,0,7,1.182611107826233,1
18,0,0,8,1.1214728355407715,1
18,0,0,9,1.1214728355407715,1
18,0,0,10,1.1728236675262451,1
18,0,0,11,1.1915942430496216,1
18,0,0,12,1.2497062683105469,1
18,0,0,13,1.2497062683105469,1
18,0,0,14,1.2019562721252441,1
18,0,0,15,1.260623812675476,1
19,0,0,0,1.2018318176269531,1
19,0,0,1,1.204455852508545,1
19,0,0,2,1.1535168886184692,1
19,0,0,3,1.2538816928863525,1
19,0,0,4,1.2538816928863525,1
19,0,0,5,1.1489965915679932,1
19,0,0,6,1.1975797414779663,1
19,0,0,7,1.2780344486236572,1
19,0,0,8,1.2780344486236572,1
19,0,0,9,1.2701910734176636,1
19,0,0,10,1.0739814043045044,1
19,0,0,11,1.2354847192764282,1
19,0,0,12,1.2354847192764282,1
19,0,0,13,1.112135410308838,1
19,0,0,14,1.1840285062789917,1
19,0,0,15,1.1415554285049438,1
20,0,0,0,1.2354847192764282,1
20,0,0,1,1.112135410308838,1
20,0,0,2,1.1840285062789917,1
20,0,0,3,1.1415554285049438,1
20,0,0,4,1.1195862293243408,1
20,0,0,5,1.1195862293243408,1
20,0,0,6,1.1246427297592163,1
20,0,0,7,1.0237414836883545,1
20,0,0,8,1.0720757246017456,1
20,0,0,9,1.0720757246017456,1
20,0,0,10,1.070878505706787,1
20,0,0,11,1.2385971546173096,1
20,0,0,12,1.1795753240585327,1
20,0,0,13,1.1403007507324219,1
20,0,0,14,1.1403007507324219,1
20,0,0,15,1.1482783555984497,1
21,0,0,0,1.1795753240585327,1
21,0,0,1,1.1403007507324219,1
21,0,0,2,1.1403007507324219,1
21,0,0,3,1.1482783555984497,1
21,0,0,4,1.0437378883361816,1
21,0,0,5,1.1487091779708862,1
21,0,0,6,1.1487091779708862,1
21,0,0,7,1.1298236846923828,1
21,0,0,8,1.2057486772537231,1
21,0,0,9,1.1480293273925781,1
21,0,0,10,1.1553747653961182,1
21,0,0,11,1.1553747653961182,1
21,0,0,12,1.1402721405029297,1
21,0,0,13,1.0951749086380005,1
21,0,0,14,1.1989108324050903,1
21,0,0,15,1.1989108324050903,1
22,0,0,0,1.1124227046966553,1
22,0,0,1,1.1124227046966553,1
22,0,0,2,1.0895437002182007,1
22,0,0,3,1.2010178565979004,1
22,0,0,4,1.1395633220672607,1
22,0,0,5,1.2174993753433228,1
22,0,0,6,1.2174993753433228,1
22,0,0,7,1.1330703496932983,1
22,0,0,8,1.1106892824172974,1
22,0,0,9,1.3068702220916748,1
22,0,0,10,1.3068702220916748,1
22,0,0,11,1.1583913564682007,1
22,0,0,12,1.1831282377243042,1
22,0,0,13,1.092512607574463,1
22,0,0,14,1.092512607574463,1
22,0,0,15,1.1129207611083984,1
23,0,0,0,1.1831282377243042,1
23,0,0,1,1.092512607574463,1
23,0,0,2,1.092512607574463,1
23,0,0,3,1.1129207611083984,1
23,0,0,4,1.1290000677108765,1
23,0,0,5,1.2164268493652344,1
23,0,0,6,1.11924147605896,1
23,0,0,7,1.11924147605896,1
23,0,0,8,1.1176804304122925,1
23,0,0,9,1.0708210468292236,1
23,0,0,10,1.0290852785110474,1
23,0,0,11,1.0290852785110474,1
23,0,0,12,1.1147499084472656,1
23,0,0,13,1.0896681547164917,1
23,0,0,14,1.0730715990066528,1
23,0,0,15,1.0963432788848877,1
24,0,0,0,1.1147499084472656,1
24,0,0,1,1.0896681547164917,1
24,0,0,2,1.0730715990066528,1
24,0,0,3,1.0963432788848877,1
24,0,0,4,1.0963432788848877,1
24,0,0,5,1.0822941064834595,1
24,0,0,6,1.2368446588516235,1
24,0,0,7,1.2007399797439575,1
24,0,0,8,1.2007399797439575,1
24,0,0,9,1.0273327827453613,1
24,0,0,10,1.1660912036895752,1
24,0,0,11,1.1255908012390137,1
24,0,0,12,1.112451434135437,1
24,0,0,13,1.112451434135437,1
24,0,0,14,1.1165311336517334,1
24,0,0,15,1.1421492099761963,1
25,0,0,0,1.1350622177124023,1
25,0,0,1,1.1049145460128784,1
25,0,0,2,1.2004718780517578,1
25,0,0,3,1.1142423152923584,1
25,0,0,4,1.1142423152923584,1
25,0,0,5,1.1221240758895874,1
25,0,0,6,1.1626818180084229,1
25,0,0,7,1.1876485347747803,1
25,0,0,8,1.223293423652649,1
25,0,0,9,1.223293423652649,1
25,0,0,10,1.2268176078796387,1
25,0,0,11,1.0812501907348633,1
25,0,0,12,1.1482303142547607,1
25,0,0,13,1.1482303142547607,1
25,0,0,14,1.051743984222412,1
25,0,0,15,1.105412483215332,1
26,0,0,0,1.1482303142547607,1
26,0,0,1,1.1482303142547607,1
26,0,0,2,1.051743984222412,1
26,0,0,3,1.105412483215332,1
26,0,0,4,1.017842173576355,1
26,0,0,5,1.1391994953155518,1
26,0,0,6,1.1391994953155518,1
26,0,0,7,1.251161813735962,1
26,0,0,8,1.2485474348068237,1
26,0,0,9,1.1174122095108032,1
26,0,0,10,1.1174122095108032,1
26,0,0,11,1.130197286605835,1
26,0,0,12,1.1553843021392822,1
26,0,0,13,1.1821706295013428,1
26,0,0,14,1.1821706295013428,1
26,0,0,15,1.0894767045974731,1
27,0,0,0,1.1553843021392822,1
27,0,0,1,1.1821706295013428,1
27,0,0,2,1.1821706295013428,1
27,0,0,3,1.0894767045974731,1
27,0,0,4,1.1507970094680786,1
27,0,0,5,1.1204864978790283,1
27,0,0,6,1.1696536540985107,1
27,0,0,7,1.1696536540985107,1
27,0,0,8,1.2579231262207031,1
27,0,0,9,1.1670775413513184,1
27,0,0,10,1.2356282472610474,1
27,0,0,11,1.2356282472610474,1
27,0,0,12,1.1250736713409424,1
27,0,0,13,1.1106030941009521,1
27,0,0,14,1.2320561408996582,1
27,0,0,15,1.0576913356781006,1
28,0,0,0,5.898518085479736,2
28,0,0,1,2.5953052043914795,2
28,0,0,2,2.108152151107788,2
28,0,0,3,0.42860040068626404,2
28,0,0,4,2.147876739501953,2
28,0,0,5,-0.08373001962900162,2
28,0,0,6,-0.08373001962900162,2
28,0,0,7,1.8152263164520264,2
28,0,0,8,-2.2267990112304688,2
28,0,0,9,-1.0881359577178955,2
28,0,0,10,-1.0881359577178955,2
28,0,0,11,5.716386318206787,2
28,0,0,12,5.716386318206787,2
28,0,0,13,-1.0591756105422974,2
28,0,0,14,-1.7531781196594238,2
28,0,0,15,-1.7531781196594238,2
29,0,0,0,5.716386318206787,2
29,0,0,1,-1.0591756105422974,2
29,0,0,2,-1.7531781196594238,2
29,0,0,3,-1.7531781196594238,2
29,0,0,4,0.5929863452911377,2
29,0,0,5,2.3963851928710938,2
29,0,0,6,4.3512701988220215,2
29,0,0,7,4.3512701988220215,2
29,0,0,8,2.045816659927368,2
29,0,0,9,-0.20229089260101318,2
29,0,0,10,1.404275894165039,2
29,0,0,11,1.939945101737976,2
29,0,0,12,1.939945101737976,2
29,0,0,13,1.241604208946228,2
29,0,0,14,3.3842520713806152,2
29,0,0,15,-2.9439103603363037,2
30,0,0,0,1.939945101737976,2
30,0,0,1,1.241604208946228,2
30,0,0,2,3.3842520713806152,2
30,0,0,3,-2.9439103603363037,2
30,0,0,4,-2.9439103603363037,2
30,0,0,5,-3.5515682697296143,2
30,0,0,6,1.125198245048523,2
30,0,0,7,9.155753135681152,2
30,0,0,8,6.4538679122924805,2
30,0,0,9,6.4538679122924805,2
30,0,0,10,-1.1403104066848755,2
30,0,0,11,-5.780043601989746,2
30,0,0,12,-2.7521541118621826,2
30,0,0,13,-2.7521541118621826,2
30,0,0,14,6.547940254211426,2
30,0,0,15,8.676060676574707,2
31,0,0,0,4.227662086486816,2
31,0,0,1,2.2394309043884277,2
31,0,0,2,4.017192840576172,2
31,0,0,3,4.017192840576172,2
31,0,0,4,3.7632253170013428,2
31,0,0,5,9.095026016235352,2
31,0,0,6,2.606213092803955,2
31,0,0,7,2.606213092803955,2
31,0,0,8,-4.494797706604004,2
31,0,0,9,-6.474438667297363,2
31,0,0,10,0.8504491448402405,2
31,0,0,11,8.71947193145752,2
31,0,0,12,8.71947193145752,2
31,0,0,13,-6.337088108062744,2
31,0,0,14,-4.935647010803223,2
31,0,0,15,-5.074395656585693,2
32,0,0,0,8.71947193145752,2
32,0,0,1,-6.337088108062744,2
32,0,0,2,-4.935647010803223,2
32,0,0,3,-5.074395656585693,2
32,0,0,4,-5.074395656585693,2
32,0,0,5,5.6237688064575195,2
32,0,0,6,3.3532519340515137,2
32,0,0,7,-11.491727828979492,2
32,0,0,8,-12.695560455322266,2
32,0,0,9,-12.695560455322266,2
32,0,0,10,-5.356020450592041,2
32,0,0,11,4.110106945037842,2
32,0,0,12,-5.317761421203613,2
32,0,0,13,-5.317761421203613,2
32,0,0,14,-13.029915809631348,2
32,0,0,15,-15.074487686157227,2
33,0,0,0,-5.317761421203613,2
33,0,0,1,-5.317761421203613,2
33,0,0,2,-13.029915809631348,2
33,0,0,3,-15.074487686157227,2
33,0,0,4,-11.761659622192383,2
33,0,0,5,15.779838562011719,2
33,0,0,6,15.779838562011719,2
33,0,0,7,-1.4288021326065063,2
33,0,0,8,-18.658674240112305,2
33,0,0,9,-17.028444290161133,2
33,0,0,10,-17.028444290161133,2
33,0,0,11,-11.169401168823242,2
33,0,0,12,16.763980865478516,2
33,0,0,13,-3.107032299041748,2
33,0,0,14,-13.551410675048828,2
33,0,0,15,-13.551410675048828,2
220,0,0,0,1.6671496629714966,2
220,0,0,1,3.7383065223693848,2
220,0,0,2,3.7383065223693848,2
220,0,0,3,3.9226503372192383,2
220,0,0,4,3.2153077125549316,2
220,0,0,5,2.550092935562134,2
34,0,0,0,3.7690863609313965,2
34,0,0,1,2.487412929534912,2
34,0,0,2,4.775005340576172,2
34,0,0,3,-4.174893856048584,2
34,0,0,4,-11.003607749938965,2
34,0,0,5,-11.003607749938965,2
34,0,0,6,17.408184051513672,2
34,0,0,7,-2.1537184715270996,2
34,0,0,8,-43.692447662353516,2
34,0,0,9,-43.692447662353516,2
34,0,0,10,-8.343812942504883,2
34,0,0,11,25.91326904296875,2
34,0,0,12,-11.638530731201172,2
34,0,0,13,-43.51264572143555,2
34,0,0,14,-43.51264572143555,2
34,0,0,15,-6.269935607910156,2
35,0,0,0,-11.638530731201172,2
35,0,0,1,-43.51264572143555,2
35,0,0,2,-43.51264572143555,2
35,0,0,3,-6.269935607910156,2
35,0,0,4,27.0211124420166,2
35,0,0,5,-9.844229698181152,2
35,0,0,6,-9.844229698181152,2
35,0,0,7,-42.18194580078125,2
35,0,0,8,-13.473906517028809,2
35,0,0,9,25.892898559570312,2
35,0,0,10,-8.905510902404785,2
35,0,0,11,-8.905510902404785,2
35,0,0,12,-32.28231430053711,2
35,0,0,13,-14.626418113708496,2
35,0,0,14,11.810022354125977,2
35,0,0,15,11.810022354125977,2
36,0,0,0,-32.28231430053711,2
36,0,0,1,-14.626418113708496,2
36,0,0,2,11.810022354125977,2
36,0,0,3,11.810022354125977,2
36,0,0,4,1.1872655153274536,2
36,0,0,5,-22.952224731445312,2
36,0,0,6,-16.74954605102539,2
36,0,0,7,5.84718656539917,2
36,0,0,8,5.84718656539917,2
36,0,0,9,4.162032127380371,2
36,0,0,10,-15.987205505371094,2
36,0,0,11,-23.98885726928711,2
36,0,0,12,-23.98885726928711,2
36,0,0,13,-4.201258659362793,2
36,0,0,14,17.939830780029297,2
36,0,0,15,-6.055654525756836,2
37,0,0,0,6.404355525970459,2
37,0,0,1,6.404355525970459,2
37,0,0,2,3.9866044521331787,2
37,0,0,3,-7.271679401397705,2
37,0,0,4,-7.271679401397705,2
37,0,0,5,-4.326121807098389,2
37,0,0,6,17.361736297607422,2
37,0,0,7,-6.687656879425049,2
37,0,0,8,-36.31943893432617,2
37,0,0,9,-36.31943893432617,2
37,0,0,10,-14.056645393371582,2
37,0,0,11,18.168094635009766,2
37,0,0,12,-6.45212459564209,2
37,0,0,13,-6.45212459564209,2
37,0,0,14,-37.035274505615234,2
37,0,0,15,-27.238344192504883,2
38,0,0,0,-6.45212459564209,2
38,0,0,1,-6.45212459564209,2
38,0,0,2,-37.035274505615234,2
38,0,0,3,-27.238344192504883,2
38,0,0,4,20.36865234375,2
38,0,0,5,1.3531070947647095,2
38,0,0,6,1.3531070947647095,2
38,0,0,7,-26.108539581298828,2
38,0,0,8,-24.61562156677246,2
38,0,0,9,6.459412574768066,2
38,0,0,10,6.459412574768066,2
38,0,0,11,6.637340068817139,2
38,0,0,12,-20.90872573852539,2
38,0,0,13,-31.5096492767334,2
38,0,0,14,-31.5096492767334,2
38,0,0,15,6.855815887451172,2
39,0,0,0,-20.90872573852539,2
39,0,0,1,-31.5096492767334,2
39,0,0,2,-31.5096492767334,2
39,0,0,3,6.855815887451172,2
39,0,0,4,9.53134536743164,2
39,0,0,5,-20.259523391723633,2
39,0,0,6,-32.72150421142578,2
39,0,0,7,-32.72150421142578,2
39,0,0,8,6.435365200042725,2
39,0,0,9,11.468810081481934,2
39,0,0,10,-21.960872650146484,2
39,0,0,11,-21.960872650146484,2
39,0,0,12,-12.611352920532227,2
39,0,0,13,15.749480247497559,2
39,0,0,14,9.120184898376465,2
39,0,0,15,-10.610795974731445,2
40,0,0,0,6.269983291625977,2
40,0,0,1,7.523577690124512,2
40,0,0,2,5.313327312469482,2
40,0,0,3,-0.7360063195228577,2
40,0,0,4,-2.0462093353271484,2
40,0,0,5,3.372769355773926,2
40,0,0,6,14.156455039978027,2
40,0,0,7,1.2066967487335205,2
40,0,0,8,-11.766831398010254,2
40,0,0,9,-17.233224868774414,2
40,0,0,10,-12.366013526916504,2
40,0,0,11,18.30227279663086,2
40,0,0,12,21.422426223754883,2
40,0,0,13,-7.838156700134277,2
40,0,0,14,-30.62285614013672,2
40,0,0,15,-24.59538459777832,2
41,0,0,0,21.422426223754883,2
41,0,0,1,-7.838156700134277,2
41,0,0,2,-30.62285614013672,2
41,0,0,3,-24.59538459777832,2
41,0,0,4,5.354928970336914,2
41,0,0,5,25.8549747467041,2
41,0,0,6,2.5281810760498047,2
41,0,0,7,-29.652973175048828,2
41,0,0,8,-36.265480041503906,2
41,0,0,9,-0.6337931156158447,2
41,0,0,10,31.03129768371582,2
41,0,0,11,2.952845573425293,2
41,0,0,12,-17.946964263916016,2
41,0,0,13,-38.74660110473633,2
41,0,0,14,-7.707308769226074,2
41,0,0,15,35.340667724609375,2
42,0,0,0,-17.946964263916016,2
42,0,0,1,-38.74660110473633,2
42,0,0,2,-7.707308769226074,2
42,0,0,3,35.340667724609375,2
42,0,0,4,11.699898719787598,2
42,0,0,5,-14.624195098876953,2
42,0,0,6,-42.5075798034668,2
42,0,0,7,-26.353639602661133,2
42,0,0,8,33.89506530761719,2
42,0,0,9,28.024946212768555,2
42,0,0,10,-13.165092468261719,2
42,0,0,11,-38.692405700683594,2
42,0,0,12,-12.626608848571777,2
42,0,0,13,24.67401885986328,2
42,0,0,14,20.772994995117188,2
42,0,0,15,-4.17628288269043,2
43,0,0,0,4.459583282470703,2
43,0,0,1,5.334310054779053,2
43,0,0,2,7.4597673416137695,2
43,0,0,3,2.859423875808716,2
43,0,0,4,-9.47471809387207,2
43,0,0,5,-9.47471809387207,2
43,0,0,6,-15.645073890686035,2
43,0,0,7,16.525775909423828,2
43,0,0,8,-4.920151233673096,2
43,0,0,9,-29.869035720825195,2
43,0,0,10,-29.869035720825195,2
43,0,0,11,-15.461878776550293,2
43,0,0,12,2.797107458114624,2
43,0,0,13,10.172407150268555,2
43,0,0,14,10.172407150268555,2
43,0,0,15,-13.926563262939453,2
44,0,0,0,2.797107458114624,2
44,0,0,1,10.172407150268555,2
44,0,0,2,10.172407150268555,2
44,0,0,3,-13.926563262939453,2
44,0,0,4,-31.63298797607422,2
44,0,0,5,-21.09676742553711,2
44,0,0,6,18.16588020324707,2
44,0,0,7,18.16588020324707,2
44,0,0,8,-5.131013870239258,2
44,0,0,9,-31.69170379638672,2
44,0,0,10,-35.62443923950195,2
44,0,0,11,-35.62443923950195,2
44,0,0,12,12.496899604797363,2
44,0,0,13,8.304096221923828,2
44,0,0,14,-21.25063705444336,2
44,0,0,15,-24.940044403076172,2
45,0,0,0,12.496899604797363,2
45,0,0,1,8.304096221923828,2
45,0,0,2,-21.25063705444336,2
45,0,0,3,-24.940044403076172,2
45,0,0,4,-24.940044403076172,2
45,0,0,5,5.235851287841797,2
45,0,0,6,20.968360900878906,2
45,0,0,7,-11.566895484924316,2
45,0,0,8,-11.566895484924316,2
45,0,0,9,-30.87241554260254,2
45,0,0,10,-12.084847450256348,2
45,0,0,11,22.005126953125,2
45,0,0,12,-4.707278251647949,2
45,0,0,13,-4.707278251647949,2
45,0,0,14,-27.179685592651367,2
45,0,0,15,-17.050527572631836,2
46,0,0,0,4.411689758300781,2
46,0,0,1,4.045655250549316,2
46,0,0,2,4.2571492195129395,2
46,0,0,3,4.469505310058594,2
46,0,0,4,3.6287477016448975,2
46,0,0,5,-0.6843777298927307,2
46,0,0,6,-0.6843777298927307,2
46,0,0,7,8.11967658996582,2
46,0,0,8,9.275041580200195,2
46,0,0,9,-23.511070251464844,2
46,0,0,10,-23.511070251464844,2
46,0,0,11,-30.962438583374023,2
46,0,0,12,9.75245475769043,2
46,0,0,13,25.917491912841797,2
46,0,0,14,25.917491912841797,2
46,0,0,15,-22.082000732421875,2
47,0,0,0,9.75245475769043,2
47,0,0,1,25.917491912841797,2
47,0,0,2,25.917491912841797,2
47,0,0,3,-22.082000732421875,2
47,0,0,4,-57.6135368347168,2
47,0,0,5,-17.008926391601562,2
47,0,0,6,36.578575134277344,2
47,0,0,7,36.578575134277344,2
47,0,0,8,-19.893030166625977,2
47,0,0,9,-52.31537628173828,2
47,0,0,10,-10.223653793334961,2
47,0,0,11,49.60203552246094,2
47,0,0,12,-4.138406276702881,2
47,0,0,13,-41.7567138671875,2
47,0,0,14,-40.46223831176758,2
47,0,0,15,-5.5726189613342285,2
48,0,0,0,-4.138406276702881,2
48,0,0,1,-41.7567138671875,2
48,0,0,2,-40.46223831176758,2
48,0,0,3,-5.5726189613342285,2
48,0,0,4,40.41802978515625,2
48,0,0,5,11.783188819885254,2
48,0,0,6,-21.601791381835938,2
48,0,0,7,-35.27071762084961,2
48,0,0,8,-15.785038948059082,2
48,0,0,9,17.33353042602539,2
48,0,0,10,25.655241012573242,2
48,0,0,11,-15.18822193145752,2
48,0,0,12,-36.620635986328125,2
48,0,0,13,-22.760995864868164,2
48,0,0,14,-3.962576150894165,2
48,0,0,15,31.297943115234375,2
49,0,0,0,2.8629672527313232,2
49,0,0,1,6.078868865966797,2
49,0,0,2,7.3590006828308105,2
49,0,0,3,3.9779374599456787,2
49,0,0,4,-0.8460438251495361,2
49,0,0,5,-9.568225860595703,2
49,0,0,6,-8.112608909606934,2
49,0,0,7,-9.753106117248535,2
49,0,0,8,-3.0743846893310547,2
49,0,0,9,2.198394298553467,2
49,0,0,10,-15.299055099487305,2
49,0,0,11,-25.91250228881836,2
49,0,0,12,-17.743209838867188,2
49,0,0,13,-26.34433937072754,2
49,0,0,14,-27.708642959594727,2
49,0,0,15,0.20774009823799133,2
50,0,0,0,-17.743209838867188,2
50,0,0,1,-26.34433937072754,2
50,0,0,2,-27.708642959594727,2
50,0,0,3,0.20774009823799133,2
50,0,0,4,-0.9520016312599182,2
50,0,0,5,-31.95006561279297,2
50,0,0,6,-33.162471771240234,2
50,0,0,7,-34.30448532104492,2
50,0,0,8,-34.30448532104492,2
50,0,0,9,-8.519939422607422,2
50,0,0,10,-13.588081359863281,2
50,0,0,11,-35.17379379272461,2
50,0,0,12,-35.17379379272461,2
50,0,0,13,-32.89870834350586,2
50,0,0,14,-32.4727783203125,2
50,0,0,15,11.716446876525879,2
51,0,0,0,-35.17379379272461,2
51,0,0,1,-32.89870834350586,2
51,0,0,2,-32.4727783203125,2
51,0,0,3,11.716446876525879,2
51,0,0,4,-23.05926513671875,2
51,0,0,5,-23.05926513671875,2
51,0,0,6,-33.200355529785156,2
51,0,0,7,-21.558320999145508,2
51,0,0,8,-30.796634674072266,2
51,0,0,9,-30.796634674072266,2
51,0,0,10,11.88998794555664,2
51,0,0,11,-29.19858169555664,2
51,0,0,12,-37.68008041381836,2
51,0,0,13,-33.604190826416016,2
51,0,0,14,-33.604190826416016,2
51,0,0,15,-28.884693145751953,2
52,0,0,0,3.727360248565674,2
52,0,0,1,3.3556270599365234,2
52,0,0,2,3.334615468978882,2
52,0,0,3,1.4486452341079712,2
52,0,0,4,1.4486452341079712,2
52,0,0,5,-1.3415862321853638,2
52,0,0,6,1.409437894821167,2
52,0,0,7,4.381034851074219,2
52,0,0,8,4.381034851074219,2
52,0,0,9,-4.937418460845947,2
52,0,0,10,-19.645524978637695,2
52,0,0,11,-25.72808265686035,2
52,0,0,12,-10.760672569274902,2
52,0,0,13,-10.760672569274902,2
52,0,0,14,-4.531630039215088,2
52,0,0,15,-30.581003189086914,2
53,0,0,0,-10.760672569274902,2
53,0,0,1,-10.760672569274902,2
53,0,0,2,-4.531630039215088,2
53,0,0,3,-30.581003189086914,2
53,0,0,4,-36.25930404663086,2
53,0,0,5,-36.25930404663086,2
53,0,0,6,-30.540035247802734,2
53,0,0,7,-50.323707580566406,2
53,0,0,8,12.428606986999512,2
53,0,0,9,-32.41377639770508,2
53,0,0,10,-32.41377639770508,2
53,0,0,11,-37.49769973754883,2
53,0,0,12,-28.046741485595703,2
53,0,0,13,-14.293087005615234,2
53,0,0,14,-14.293087005615234,2
53,0,0,15,-7.845444679260254,2
54,0,0,0,-28.046741485595703,2
54,0,0,1,-14.293087005615234,2
54,0,0,2,-14.293087005615234,2
54,0,0,3,-7.845444679260254,2
54,0,0,4,-33.645774841308594,2
54,0,0,5,-30.907878875732422,2
54,0,0,6,-40.64980697631836,2
54,0,0,7,-40.64980697631836,2
54,0,0,8,-32.328609466552734,2
54,0,0,9,-0.5085092782974243,2
54,0,0,10,-37.2178955078125,2
54,0,0,11,-37.2178955078125,2
54,0,0,12,-32.09385299682617,2
54,0,0,13,-27.604236602783203,2
54,0,0,14,-64.1591567993164,2
54,0,0,15,12.342291831970215,2
55,0,0,0,2.449957847595215,3
55,0,0,1,2.477424144744873,3
55,0,0,2,2.4446523189544678,3
55,0,0,3,3.0608816146850586,3
55,0,0,4,3.0608816146850586,3
55,0,0,5,2.458030939102173,3
55,0,0,6,2.638572931289673,3
55,0,0,7,1.7294180393218994,3
55,0,0,8,-1.0245747566223145,3
55,0,0,9,-1.0245747566223145,3
55,0,0,10,-0.1746426522731781,3
55,0,0,11,1.8543188571929932,3
55,0,0,12,0.6760363578796387,3
55,0,0,13,0.6760363578796387,3
55,0,0,14,1.2327362298965454,3
55,0,0,15,2.132323980331421,3
56,0,0,0,0.6760363578796387,3
56,0,0,1,0.6760363578796387,3
56,0,0,2,1.2327362298965454,3
56,0,0,3,2.132323980331421,3
56,0,0,4,1.9851858615875244,3
56,0,0,5,1.9851858615875244,3
56,0,0,6,1.9351853132247925,3
56,0,0,7,2.271743059158325,3
56,0,0,8,0.2858102023601532,3
56,0,0,9,1.0211174488067627,3
56,0,0,10,1.0211174488067627,3
56,0,0,11,0.021672314032912254,3
56,0,0,12,0.9862578511238098,3
56,0,0,13,1.1936053037643433,3
56,0,0,14,1.860323429107666,3
56,0,0,15,1.860323429107666,3
57,0,0,0,0.9862578511238098,3
57,0,0,1,1.1936053037643433,3
57,0,0,2,1.860323429107666,3
57,0,0,3,1.860323429107666,3
57,0,0,4,2.3593709468841553,3
57,0,0,5,2.6424708366394043,3
57,0,0,6,1.8412177562713623,3
57,0,0,7,1.8412177562713623,3
57,0,0,8,-0.7678300738334656,3
57,0,0,9,1.2493805885314941,3
57,0,0,10,1.4868279695510864,3
57,0,0,11,-0.8565496206283569,3
57,0,0,12,-0.8565496206283569,3
57,0,0,13,-0.4163804054260254,3
57,0,0,14,-0.14011825621128082,3
57,0,0,15,-0.2919777035713196,3
58,0,0,0,1.1657081842422485,3
58,0,0,1,1.1657081842422485,3
58,0,0,2,1.4892510175704956,3
58,0,0,3,2.105001211166382,3
58,0,0,4,2.105001211166382,3
58,0,0,5,1.1682076454162598,3
58,0,0,6,0.4926021993160248,3
58,0,0,7,-0.7267934679985046,3
58,0,0,8,-0.7267934679985046,3
58,0,0,9,-0.5072834491729736,3
58,0,0,10,-2.338177442550659,3
58,0,0,11,-0.9591267704963684,3
58,0,0,12,0.4719163179397583,3
58,0,0,13,0.4719163179397583,3
58,0,0,14,1.89517343044281,3
58,0,0,15,0.60964035987854,3
59,0,0,0,0.4719163179397583,3
59,0,0,1,0.4719163179397583,3
59,0,0,2,1.89517343044281,3
59,0,0,3,0.60964035987854,3
59,0,0,4,-0.12099337577819824,3
59,0,0,5,-0.12099337577819824,3
59,0,0,6,0.1611201912164688,3
59,0,0,7,-1.114022135734558,3
59,0,0,8,0.43877097964286804,3
59,0,0,9,1.270056962966919,3
59,0,0,10,1.270056962966919,3
59,0,0,11,0.07979395240545273,3
59,0,0,12,2.8432679176330566,3
59,0,0,13,2.2489981651306152,3
59,0,0,14,2.2489981651306152,3
59,0,0,15,1.4714285135269165,3
60,0,0,0,2.8432679176330566,3
60,0,0,1,2.2489981651306152,3
60,0,0,2,2.2489981651306152,3
60,0,0,3,1.4714285135269165,3
60,0,0,4,0.9260197877883911,3
60,0,0,5,-0.4535958766937256,3
60,0,0,6,3.148193359375,3
60,0,0,7,3.148193359375,3
60,0,0,8,1.4657493829727173,3
60,0,0,9,1.1163395643234253,3
60,0,0,10,1.4924782514572144,3
60,0,0,11,1.4924782514572144,3
60,0,0,12,2.5137107372283936,3
60,0,0,13,3.4320592880249023,3
60,0,0,14,4.1089959144592285,3
60,0,0,15,4.1089959144592285,3
61,0,0,0,2.4568817615509033,3
61,0,0,1,3.362809658050537,3
61,0,0,2,2.3898825645446777,3
61,0,0,3,2.837033271789551,3
61,0,0,4,1.703781008720398,3
61,0,0,5,0.02450704760849476,3
61,0,0,6,0.02450704760849476,3
61,0,0,7,0.9154852628707886,3
61,0,0,8,0.60629802942276,3
61,0,0,9,0.9326756596565247,3
61,0,0,10,1.6364080905914307,3
61,0,0,11,1.6364080905914307,3
61,0,0,12,2.3834469318389893,3
61,0,0,13,1.705284595489502,3
61,0,0,14,1.553645372390747,3
61,0,0,15,1.553645372390747,3
62,0,0,0,2.3834469318389893,3
62,0,0,1,1.705284595489502,3
62,0,0,2,1.553645372390747,3
62,0,0,3,1.553645372390747,3
62,0,0,4,1.137437343597412,3
62,0,0,5,1.8390629291534424,3
62,0,0,6,-0.38803306221961975,3
62,0,0,7,-0.7622946500778198,3
62,0,0,8,-0.7622946500778198,3
62,0,0,9,2.4702608585357666,3
62,0,0,10,2.816375970840454,3
62,0,0,11,1.182611107826233,3
62,0,0,12,1.182611107826233,3
62,0,0,13,0.6272904276847839,3
62,0,0,14,1.845575213432312,3
62,0,0,15,1.846781849861145,3
63,0,0,0,1.182611107826233,3
63,0,0,1,0.6272904276847839,3
63,0,0,2,1.845575213432312,3
63,0,0,3,1.846781849861145,3
63,0,0,4,1.846781849861145,3
63,0,0,5,0.3210337162017822,3
63,0,0,6,2.1667046546936035,3
63,0,0,7,1.7031967639923096,3
63,0,0,8,2.0273430347442627,3
63,0,0,9,2.0273430347442627,3
63,0,0,10,2.3578481674194336,3
63,0,0,11,2.924909830093384,3
63,0,0,12,3.0315001010894775,3
63,0,0,13,3.0315001010894775,3
63,0,0,14,3.5057623386383057,3
63,0,0,15,3.2563633918762207,3
64,0,0,0,1.1991119384765625,3
64,0,0,1,1.4181718826293945,3
64,0,0,2,1.513633370399475,3
64,0,0,3,1.513633370399475,3
64,0,0,4,1.9573938846588135,3
64,0,0,5,2.0127670764923096,3
64,0,0,6,1.7704163789749146,3
64,0,0,7,1.347581148147583,3
64,0,0,8,1.347581148147583,3
64,0,0,9,1.971347451210022,3
64,0,0,10,-0.026029760017991066,3
64,0,0,11,1.3294140100479126,3
64,0,0,12,1.3294140100479126,3
64,0,0,13,1.0970615148544312,3
64,0,0,14,0.09200438112020493,3
64,0,0,15,2.383437156677246,3
65,0,0,0,1.3294140100479126,3
65,0,0,1,1.0970615148544312,3
65,0,0,2,0.09200438112020493,3
65,0,0,3,2.383437156677246,3
65,0,0,4,3.00773024559021,3
65,0,0,5,3.00773024559021,3
65,0,0,6,2.068877696990967,3
65,0,0,7,1.6683754920959473,3
65,0,0,8,1.9816616773605347,3
65,0,0,9,1.9816616773605347,3
65,0,0,10,-0.18525375425815582,3
65,0,0,11,-0.18436311185359955,3
65,0,0,12,-0.014997279271483421,3
65,0,0,13,-0.014997279271483421,3
65,0,0,14,1.0308283567428589,3
65,0,0,15,3.026012420654297,3
66,0,0,0,-0.014997279271483421,3
66,0,0,1,-0.014997279271483421,3
66,0,0,2,1.0308283567428589,3
66,0,0,3,3.026012420654297,3
66,0,0,4,3.087265729904175,3
66,0,0,5,2.951916456222534,3
66,0,0,6,2.951916456222534,3
66,0,0,7,3.5729055404663086,3
66,0,0,8,2.0082850456237793,3
66,0,0,9,2.3913381099700928,3
66,0,0,10,2.3913381099700928,3
66,0,0,11,0.8937650918960571,3
66,0,0,12,0.9400976300239563,3
66,0,0,13,-0.16710570454597473,3
66,0,0,14,1.556815266609192,3
66,0,0,15,1.556815266609192,3
67,0,0,0,2.2609691619873047,3
67,0,0,1,2.2609691619873047,3
67,0,0,2,1.8097290992736816,3
67,0,0,3,1.8097290992736816,3
67,0,0,4,2.0081989765167236,3
67,0,0,5,2.0316238403320312,3
67,0,0,6,2.074547052383423,3
67,0,0,7,2.390888214111328,3
67,0,0,8,2.390888214111328,3
67,0,0,9,2.4798567295074463,3
67,0,0,10,2.070850372314453,3
67,0,0,11,2.2430317401885986,3
67,0,0,12,2.2430317401885986,3
67,0,0,13,2.440610885620117,3
67,0,0,14,2.1774210929870605,3
67,0,0,15,2.53749942779541,3
68,0,0,0,2.2430317401885986,3
68,0,0,1,2.440610885620117,3
68,0,0,2,2.1774210929870605,3
68,0,0,3,2.53749942779541,3
68,0,0,4,-0.3812048137187958,3
68,0,0,5,-0.3812048137187958,3
68,0,0,6,-0.10562260448932648,3
68,0,0,7,0.1546367108821869,3
68,0,0,8,-0.5829594135284424,3
68,0,0,9,-0.5829594135284424,3
68,0,0,10,1.4924590587615967,3
68,0,0,11,1.7973750829696655,3
68,0,0,12,1.0015137195587158,3
68,0,0,13,2.4986655712127686,3
68,0,0,14,2.4986655712127686,3
68,0,0,15,3.202838659286499,3
69,0,0,0,1.0015137195587158,3
69,0,0,1,2.4986655712127686,3
69,0,0,2,2.4986655712127686,3
69,0,0,3,3.202838659286499,3
69,0,0,4,3.2797977924346924,3
69,0,0,5,2.8599886894226074,3
69,0,0,6,2.8599886894226074,3
69,0,0,7,-2.542996644973755,3
69,0,0,8,-0.8298494815826416,3
69,0,0,9,1.628507375717163,3
69,0,0,10,1.628507375717163,3
69,0,0,11,3.151200532913208,3
69,0,0,12,2.7177252769470215,3
69,0,0,13,2.169529676437378,3
69,0,0,14,2.756770133972168,3
69,0,0,15,2.756770133972168,3
70,0,0,0,1.8094035387039185,3
70,0,0,1,3.0731589794158936,3
70,0,0,2,2.4870681762695312,3
70,0,0,3,2.5852301120758057,3
70,0,0,4,1.5651949644088745,3
70,0,0,5,1.5651949644088745,3
70,0,0,6,2.1422646045684814,3
70,0,0,7,2.8855302333831787,3
70,0,0,8,2.242572069168091,3
70,0,0,9,2.242572069168091,3
70,0,0,10,3.501462697982788,3
70,0,0,11,4.586380958557129,3
70,0,0,12,3.5432939529418945,3
70,0,0,13,2.1759750843048096,3
70,0,0,14,2.1759750843048096,3
70,0,0,15,2.952366590499878,3
71,0,0,0,3.5432939529418945,3
71,0,0,1,2.1759750843048096,3
71,0,0,2,2.1759750843048096,3
71,0,0,3,2.952366590499878,3
71,0,0,4,2.6855568885803223,3
71,0,0,5,1.7776659727096558,3
71,0,0,6,1.7776659727096558,3
71,0,0,7,1.1674127578735352,3
71,0,0,8,-0.02028367668390274,3
71,0,0,9,1.3369126319885254,3
71,0,0,10,3.06923246383667,3
71,0,0,11,3.06923246383667,3
71,0,0,12,3.3876326084136963,3
71,0,0,13,2.293147325515747,3
71,0,0,14,2.5759119987487793,3
71,0,0,15,2.5759119987487793,3
72,0,0,0,3.3876326084136963,3
72,0,0,1,2.293147325515747,3
72,0,0,2,2.5759119987487793,3
72,0,0,3,2.5759119987487793,3
72,0,0,4,0.1175457239151001,3
72,0,0,5,0.31468430161476135,3
72,0,0,6,1.8208478689193726,3
72,0,0,7,2.449584484100342,3
72,0,0,8,2.449584484100342,3
72,0,0,9,1.7523927688598633,3
72,0,0,10,1.3055102825164795,3
72,0,0,11,3.58838152885437,3
72,0,0,12,3.58838152885437,3
72,0,0,13,4.858457565307617,3
72,0,0,14,3.3779313564300537,3
72,0,0,15,-0.463019460439682,3
73,0,0,0,2.9430103302001953,3
73,0,0,1,1.2644257545471191,3
73,0,0,2,0.9837870597839355,3
73,0,0,3,1.6451421976089478,3
73,0,0,4,1.6451421976089478,3
73,0,0,5,2.218400239944458,3
73,0,0,6,2.6106951236724854,3
73,0,0,7,3.3416926860809326,3
73,0,0,8,3.9059677124023438,3
73,0,0,9,3.9059677124023438,3
73,0,0,10,3.5688257217407227,3
73,0,0,11,4.06490421295166,3
73,0,0,12,2.460683822631836,3
73,0,0,13,2.460683822631836,3
73,0,0,14,0.30903396010398865,3
73,0,0,15,1.3527718782424927,3
74,0,0,0,2.460683822631836,3
74,0,0,1,2.460683822631836,3
74,0,0,2,0.30903396010398865,3
74,0,0,3,1.3527718782424927,3
74,0,0,4,2.2750375270843506,3
74,0,0,5,2.9004220962524414,3
74,0,0,6,2.9004220962524414,3
74,0,0,7,3.4265527725219727,3
74,0,0,8,3.124739646911621,3
74,0,0,9,4.0401291847229,3
74,0,0,10,4.0401291847229,3
74,0,0,11,3.33441424369812,3
74,0,0,12,2.514840841293335,3
74,0,0,13,1.6972782611846924,3
74,0,0,14,1.6972782611846924,3
74,0,0,15,1.0207535028457642,3
75,0,0,0,2.514840841293335,3
75,0,0,1,1.6972782611846924,3
75,0,0,2,1.6972782611846924,3
75,0,0,3,1.0207535028457642,3
75,0,0,4,1.2480782270431519,3
75,0,0,5,1.8148431777954102,3
75,0,0,6,3.1618497371673584,3
75,0,0,7,3.1618497371673584,3
75,0,0,8,2.955268621444702,3
75,0,0,9,3.773731231689453,3
75,0,0,10,4.636228084564209,3
75,0,0,11,4.636228084564209,3
75,0,0,12,4.240542888641357,3
75,0,0,13,0.13506171107292175,3
75,0,0,14,1.5355643033981323,3
75,0,0,15,3.2950632572174072,3
76,0,0,0,4.005154609680176,3
76,0,0,1,3.980398654937744,3
76,0,0,2,3.866769790649414,3
76,0,0,3,4.012069225311279,3
76,0,0,4,4.3701171875,3
76,0,0,5,3.814872980117798,3
76,0,0,6,3.814872980117798,3
76,0,0,7,3.514678478240967,3
76,0,0,8,2.5665459632873535,3
76,0,0,9,1.1297184228897095,3
76,0,0,10,1.1297184228897095,3
76,0,0,11,0.9107543230056763,3
76,0,0,12,1.0912675857543945,3
76,0,0,13,1.4994502067565918,3
76,0,0,14,1.4994502067565918,3
76,0,0,15,2.2510955333709717,3
77,0,0,0,1.0912675857543945,3
77,0,0,1,1.4994502067565918,3
77,0,0,2,1.4994502067565918,3
77,0,0,3,2.2510955333709717,3
77,0,0,4,2.37451171875,3
77,0,0,5,1.9932878017425537,3
77,0,0,6,1.4961941242218018,3
77,0,0,7,1.4961941242218018,3
77,0,0,8,2.1073477268218994,3
77,0,0,9,3.486311912536621,3
77,0,0,10,1.5056943893432617,3
77,0,0,11,1.5056943893432617,3
77,0,0,12,1.2515736818313599,3
77,0,0,13,1.1265006065368652,3
77,0,0,14,1.8980368375778198,3
77,0,0,15,2.5997965335845947,3
78,0,0,0,1.2515736818313599,3
78,0,0,1,1.1265006065368652,3
78,0,0,2,1.8980368375778198,3
78,0,0,3,2.5997965335845947,3
78,0,0,4,2.5997965335845947,3
78,0,0,5,2.809404134750366,3
78,0,0,6,2.4436466693878174,3
78,0,0,7,2.67193865776062,3
78,0,0,8,2.67193865776062,3
78,0,0,9,-0.018282122910022736,3
78,0,0,10,1.4845870733261108,3
78,0,0,11,3.2397570610046387,3
78,0,0,12,3.4573519229888916,3
78,0,0,13,3.4573519229888916,3
78,0,0,14,3.41055965423584,3
78,0,0,15,3.5534071922302246,3
79,0,0,0,3.4793784618377686,0
79,0,0,1,3.576104164123535,0
79,0,0,2,3.667897939682007,0
79,0,0,3,4.0394206047058105,0
79,0,0,4,4.0394206047058105,0
79,0,0,5,3.789121150970459,0
79,0,0,6,3.682473659515381,0
79,0,0,7,3.0679397583007812,0
79,0,0,8,3.0679397583007812,0
79,0,0,9,1.319300889968872,0
79,0,0,10,5.854244709014893,0
79,0,0,11,8.126686096191406,0
79,0,0,12,1.8667303323745728,0
79,0,0,13,1.8667303323745728,0
79,0,0,14,8.61458683013916,0
79,0,0,15,16.723194122314453,0
80,0,0,0,1.8667303323745728,0
80,0,0,1,1.8667303323745728,0
80,0,0,2,8.61458683013916,0
80,0,0,3,16.723194122314453,0
80,0,0,4,-6.471718788146973,0
80,0,0,5,-6.471718788146973,0
80,0,0,6,-16.210105895996094,0
80,0,0,7,-16.11796760559082,0
80,0,0,8,-14.034781455993652,0
80,0,0,9,-10.050752639770508,0
80,0,0,10,-10.050752639770508,0
80,0,0,11,-2.8372437953948975,0
80,0,0,12,8.928801536560059,0
80,0,0,13,8.45510482788086,0
80,0,0,14,8.45510482788086,0
80,0,0,15,9.927940368652344,0
81,0,0,0,8.928801536560059,0
81,0,0,1,8.45510482788086,0
81,0,0,2,8.45510482788086,0
81,0,0,3,9.927940368652344,0
81,0,0,4,10.062254905700684,0
81,0,0,5,-3.026644468307495,0
81,0,0,6,-23.298791885375977,0
81,0,0,7,-23.298791885375977,0
81,0,0,8,-15.542640686035156,0
81,0,0,9,-0.8518186807632446,0
81,0,0,10,10.897228240966797,0
81,0,0,11,10.897228240966797,0
81,0,0,12,6.476842403411865,0
81,0,0,13,2.0099897384643555,0
81,0,0,14,-1.0329543352127075,0
81,0,0,15,1.4709975719451904,0
82,0,0,0,3.7063775062561035,0
82,0,0,1,2.942004680633545,0
82,0,0,2,-0.7953634262084961,0
82,0,0,3,-4.291328430175781,0
82,0,0,4,-6.863917350769043,0
82,0,0,5,0.7097084522247314,0
82,0,0,6,13.753960609436035,0
82,0,0,7,24.112274169921875,0
82,0,0,8,19.540563583374023,0
82,0,0,9,18.589080810546875,0
82,0,0,10,20.105749130249023,0
82,0,0,11,-10.137864112854004,0
82,0,0,12,-14.679119110107422,0
82,0,0,13,-26.56075668334961,0
82,0,0,14,-29.82062530517578,0
82,0,0,15,-36.168094635009766,0
83,0,0,0,-14.679119110107422,0
83,0,0,1,-26.56075668334961,0
83,0,0,2,-29.82062530517578,0
83,0,0,3,-36.168094635009766,0
83,0,0,4,-40.48832321166992,0
83,0,0,5,-18.241230010986328,0
83,0,0,6,14.326951026916504,0
83,0,0,7,15.659477233886719,0
83,0,0,8,8.92241382598877,0
83,0,0,9,5.450591564178467,0
83,0,0,10,3.7879621982574463,0
83,0,0,11,3.2755744457244873,0
83,0,0,12,14.311522483825684,0
83,0,0,13,34.88020706176758,0
83,0,0,14,-12.40463638305664,0
83,0,0,15,-25.391475677490234,0
84,0,0,0,14.311522483825684,0
84,0,0,1,34.88020706176758,0
84,0,0,2,-12.40463638305664,0
84,0,0,3,-25.391475677490234,0
84,0,0,4,-22.37891960144043,0
84,0,0,5,-21.163000106811523,0
84,0,0,6,-15.724370002746582,0
84,0,0,7,-14.755781173706055,0
84,0,0,8,-14.175004959106445,0
84,0,0,9,-12.506102561950684,0
84,0,0,10,9.52204704284668,0
84,0,0,11,9.089300155639648,0
84,0,0,12,10.86469554901123,0
84,0,0,13,13.560260772705078,0
84,0,0,14,13.3545503616333,0
84,0,0,15,7.144010543823242,0
85,0,0,0,6.540901184082031,0
85,0,0,1,7.73716926574707,0
85,0,0,2,5.080907821655273,0
85,0,0,3,0.17904797196388245,0
85,0,0,4,-1.91615629196167,0
85,0,0,5,-1.91615629196167,0
85,0,0,6,-7.8268561363220215,0
85,0,0,7,-15.719379425048828,0
85,0,0,8,-7.565936088562012,0
85,0,0,9,-7.565936088562012,0
85,0,0,10,18.969833374023438,0
85,0,0,11,27.896080017089844,0
85,0,0,12,11.885736465454102,0
85,0,0,13,11.885736465454102,0
85,0,0,14,18.687519073486328,0
85,0,0,15,-10.230998039245605,0
86,0,0,0,11.885736465454102,0
86,0,0,1,11.885736465454102,0
86,0,0,2,18.687519073486328,0
86,0,0,3,-10.230998039245605,0
86,0,0,4,-18.973676681518555,0
86,0,0,5,-26.956682205200195,0
86,0,0,6,-26.956682205200195,0
86,0,0,7,-31.065284729003906,0
86,0,0,8,-30.595943450927734,0
86,0,0,9,9.45581340789795,0
86,0,0,10,9.45581340789795,0
86,0,0,11,20.112070083618164,0
86,0,0,12,13.533234596252441,0
86,0,0,13,7.577677249908447,0
86,0,0,14,4.609709739685059,0
86,0,0,15,4.609709739685059,0
87,0,0,0,13.533234596252441,0
87,0,0,1,7.577677249908447,0
87,0,0,2,4.609709739685059,0
87,0,0,3,4.609709739685059,0
87,0,0,4,7.367475509643555,0
87,0,0,5,46.44496536254883,0
87,0,0,6,-19.88239860534668,0
87,0,0,7,-19.88239860534668,0
87,0,0,8,-25.626529693603516,0
87,0,0,9,-23.35886573791504,0
87,0,0,10,-18.07030487060547,0
87,0,0,11,-22.696430206298828,0
87,0,0,12,-22.696430206298828,0
87,0,0,13,-21.469350814819336,0
87,0,0,14,15.362213134765625,0
87,0,0,15,13.65535831451416,0
88,0,0,0,7.509882926940918,0
88,0,0,1,3.651061773300171,0
88,0,0,2,1.7693917751312256,0
88,0,0,3,1.7693917751312256,0
88,0,0,4,-2.4112675189971924,0
88,0,0,5,-3.8227739334106445,0
88,0,0,6,1.017296314239502,0
88,0,0,7,1.017296314239502,0
88,0,0,8,27.282100677490234,0
88,0,0,9,37.16720199584961,0
88,0,0,10,21.82960319519043,0
88,0,0,11,9.630130767822266,0
88,0,0,12,-20.664661407470703,0
88,0,0,13,-25.189558029174805,0
88,0,0,14,-39.4842643737793,0
88,0,0,15,-41.7923583984375,0
89,0,0,0,-20.664661407470703,0
89,0,0,1,-25.189558029174805,0
89,0,0,2,-39.4842643737793,0
89,0,0,3,-41.7923583984375,0
89,0,0,4,-60.6458740234375,0
89,0,0,5,-51.208778381347656,0
89,0,0,6,3.282402515411377,0
89,0,0,7,19.198192596435547,0
89,0,0,8,24.66628074645996,0
89,0,0,9,10.95345401763916,0
89,0,0,10,2.04364275932312,0
89,0,0,11,-2.7576701641082764,0
89,0,0,12,7.680685043334961,0
89,0,0,13,28.96784782409668,0
89,0,0,14,-10.30901050567627,0
89,0,0,15,-29.363418579101562,0
90,0,0,0,7.680685043334961,0
90,0,0,1,28.96784782409668,0
90,0,0,2,-10.30901050567627,0
90,0,0,3,-29.363418579101562,0
90,0,0,4,-34.27863693237305,0
90,0,0,5,-35.234519958496094,0
90,0,0,6,-33.47946548461914,0
90,0,0,7,-27.58357810974121,0
90,0,0,8,-24.352134704589844,0
90,0,0,9,-13.433472633361816,0
90,0,0,10,14.689834594726562,0
90,0,0,11,10.62076473236084,0
90,0,0,12,9.73033332824707,0
90,0,0,13,3.4354782104492188,0
90,0,0,14,2.4762749671936035,0
90,0,0,15,-5.284970283508301,0
91,0,0,0,7.468530178070068,0
91,0,0,1,4.731948375701904,0
91,0,0,2,5.168488025665283,0
91,0,0,3,3.103393077850342,0
91,0,0,4,-0.8766225576400757,0
91,0,0,5,-3.4337449073791504,0
91,0,0,6,-5.615829944610596,0
91,0,0,7,-5.297056198120117,0
91,0,0,8,6.187325477600098,0
91,0,0,9,18.918004989624023,0
91,0,0,10,24.668542861938477,0
91,0,0,11,23.90340232849121,0
91,0,0,12,15.384536743164062,0
91,0,0,13,22.605037689208984,0
91,0,0,14,3.9371116161346436,0
91,0,0,15,-17.503528594970703,0
92,0,0,0,15.384536743164062,0
92,0,0,1,22.605037689208984,0
92,0,0,2,3.9371116161346436,0
92,0,0,3,-17.503528594970703,0
92,0,0,4,-31.360843658447266,0
92,0,0,5,-34.7010612487793,0
92,0,0,6,-39.50511932373047,0
92,0,0,7,-37.74844741821289,0
92,0,0,8,-32.499237060546875,0
92,0,0,9,-0.6472389101982117,0
92,0,0,10,15.231307983398438,0
92,0,0,11,9.565994262695312,0
92,0,0,12,9.565994262695312,0
92,0,0,13,2.2970643043518066,0
92,0,0,14,-6.853938579559326,0
92,0,0,15,11.624615669250488,0
93,0,0,0,9.565994262695312,0
93,0,0,1,2.2970643043518066,0
93,0,0,2,-6.853938579559326,0
93,0,0,3,11.624615669250488,0
93,0,0,4,11.624615669250488,0
93,0,0,5,45.361263275146484,0
93,0,0,6,-21.8478946685791,0
93,0,0,7,-49.17458724975586,0
93,0,0,8,-44.6758918762207,0
93,0,0,9,-44.6758918762207,0
93,0,0,10,-35.015403747558594,0
93,0,0,11,3.366793394088745,0
93,0,0,12,24.70501136779785,0
93,0,0,13,24.70501136779785,0
93,0,0,14,-1.0432493686676025,0
93,0,0,15,-13.15053653717041,0
94,0,0,0,7.614136219024658,0
94,0,0,1,8.15558910369873,0
94,0,0,2,7.466068744659424,0
94,0,0,3,4.196183204650879,0
94,0,0,4,1.8789408206939697,0
94,0,0,5,1.8789408206939697,0
94,0,0,6,-0.353202223777771,0
94,0,0,7,-3.346193790435791,0
94,0,0,8,5.89843225479126,0
94,0,0,9,26.31243896484375,0
94,0,0,10,26.31243896484375,0
94,0,0,11,28.060569763183594,0
94,0,0,12,11.013002395629883,0
94,0,0,13,-23.140657424926758,0
94,0,0,14,-23.140657424926758,0
94,0,0,15,-40.72197341918945,0
95,0,0,0,11.013002395629883,0
95,0,0,1,-23.140657424926758,0
95,0,0,2,-23.140657424926758,0
95,0,0,3,-40.72197341918945,0
95,0,0,4,-47.42753601074219,0
95,0,0,5,-48.825374603271484,0
95,0,0,6,-48.825374603271484,0
95,0,0,7,-3.689847946166992,0
95,0,0,8,21.72441291809082,0
95,0,0,9,10.860404968261719,0
95,0,0,10,1.6416562795639038,0
95,0,0,11,1.6416562795639038,0
95,0,0,12,0.22437499463558197,0
95,0,0,13,17.627155303955078,0
95,0,0,14,14.251849174499512,0
95,0,0,15,14.251849174499512,0
96,0,0,0,0.22437499463558197,0
96,0,0,1,17.627155303955078,0
96,0,0,2,14.251849174499512,0
96,0,0,3,14.251849174499512,0
96,0,0,4,-25.87409019470215,0
96,0,0,5,-44.7373161315918,0
96,0,0,6,-40.3858757019043,0
96,0,0,7,-25.725379943847656,0
96,0,0,8,-25.725379943847656,0
96,0,0,9,13.047365188598633,0
96,0,0,10,38.79469680786133,0
96,0,0,11,-0.5656445026397705,0
96,0,0,12,-0.5656445026397705,0
96,0,0,13,-15.45673656463623,0
96,0,0,14,-12.532754898071289,0
96,0,0,15,-7.09031343460083,0
97,0,0,0,6.689724922180176,0
97,0,0,1,6.407803058624268,0
97,0,0,2,5.966944217681885,0
97,0,0,3,5.098816394805908,0
97,0,0,4,5.502220153808594,0
97,0,0,5,7.689562797546387,0
97,0,0,6,7.689562797546387,0
97,0,0,7,8.577706336975098,0
97,0,0,8,-4.217357635498047,0
97,0,0,9,-10.672048568725586,0
97,0,0,10,-10.672048568725586,0
97,0,0,11,-14.34057903289795,0
97,0,0,12,-16.849729537963867,0
97,0,0,13,11.340145111083984,0
97,0,0,14,27.083545684814453,0
97,0,0,15,27.083545684814453,0
98,0,0,0,-16.849729537963867,0
98,0,0,1,11.340145111083984,0
98,0,0,2,27.083545684814453,0
98,0,0,3,27.083545684814453,0
98,0,0,4,15.375936508178711,0
98,0,0,5,9.913009643554688,0
98,0,0,6,13.73793888092041,0
98,0,0,7,13.73793888092041,0
98,0,0,8,5.369955062866211,0
98,0,0,9,-42.331642150878906,0
98,0,0,10,-45.960880279541016,0
98,0,0,11,-33.42709732055664,0
98,0,0,12,-33.42709732055664,0
98,0,0,13,-31.29770278930664,0
98,0,0,14,-7.411577224731445,0
98,0,0,15,18.889476776123047,0
99,0,0,0,-33.42709732055664,0
99,0,0,1,-31.29770278930664,0
99,0,0,2,-7.411577224731445,0
99,0,0,3,18.889476776123047,0
99,0,0,4,18.889476776123047,0
99,0,0,5,9.275404930114746,0
99,0,0,6,6.808592319488525,0
99,0,0,7,2.6665756702423096,0
99,0,0,8,1.6158180236816406,0
99,0,0,9,1.6158180236816406,0
99,0,0,10,9.345986366271973,0
99,0,0,11,-13.607867240905762,0
99,0,0,12,-29.17861557006836,0
99,0,0,13,-29.17861557006836,0
99,0,0,14,-25.400938034057617,0
99,0,0,15,-27.596729278564453,0
100,0,0,0,7.437932014465332,0
100,0,0,1,7.116199493408203,0
100,0,0,2,6.943213939666748,0
100,0,0,3,5.209399700164795,0
100,0,0,4,5.209399700164795,0
100,0,0,5,2.556633949279785,0
100,0,0,6,-3.6255011558532715,0
100,0,0,7,-9.26288890838623,0
100,0,0,8,-10.260045051574707,0
100,0,0,9,-10.260045051574707,0
100,0,0,10,-0.919986367225647,0
100,0,0,11,15.460834503173828,0
100,0,0,12,19.091556549072266,0
100,0,0,13,19.091556549072266,0
100,0,0,14,13.963980674743652,0
100,0,0,15,12.754688262939453,0
101,0,0,0,19.091556549072266,0
101,0,0,1,19.091556549072266,0
101,0,0,2,13.963980674743652,0
101,0,0,3,12.754688262939453,0
101,0,0,4,-3.2344706058502197,0
101,0,0,5,-15.4410400390625,0
101,0,0,6,-15.4410400390625,0
101,0,0,7,-21.782381057739258,0
101,0,0,8,-27.310773849487305,0
101,0,0,9,-43.126522064208984,0
101,0,0,10,-43.126522064208984,0
101,0,0,11,-24.283296585083008,0
101,0,0,12,21.568588256835938,0
101,0,0,13,13.171719551086426,0
101,0,0,14,6.993414878845215,0
101,0,0,15,6.993414878845215,0
102,0,0,0,21.568588256835938,0
102,0,0,1,13.171719551086426,0
102,0,0,2,6.993414878845215,0
102,0,0,3,6.993414878845215,0
102,0,0,4,6.362006664276123,0
102,0,0,5,16.491891860961914,0
102,0,0,6,13.641663551330566,0
102,0,0,7,13.641663551330566,0
102,0,0,8,-21.213844299316406,0
102,0,0,9,-33.350868225097656,0
102,0,0,10,-26.131591796875,0
102,0,0,11,-26.131591796875,0
102,0,0,12,-21.44721031188965,0
102,0,0,13,-11.953368186950684,0
102,0,0,14,12.899269104003906,0
102,0,0,15,4.127929210662842,0
103,0,0,0,5.280612945556641,0
103,0,0,1,5.280612945556641,0
103,0,0,2,1.3970645666122437,0
103,0,0,3,1.3970645666122437,0
103,0,0,4,-6.107560634613037,0
103,0,0,5,-6.35125207901001,0
103,0,0,6,-11.460411071777344,0
103,0,0,7,-11.460411071777344,0
103,0,0,8,10.94087028503418,0
103,0,0,9,28.983736038208008,0
103,0,0,10,28.178556442260742,0
103,0,0,11,28.178556442260742,0
103,0,0,12,-24.99545669555664,0
103,0,0,13,-35.12119674682617,0
103,0,0,14,-32.45619201660156,0
103,0,0,15,-35.504337310791016,0
104,0,0,0,-24.99545669555664,0
104,0,0,1,-35.12119674682617,0
104,0,0,2,-32.45619201660156,0
104,0,0,3,-35.504337310791016,0
104,0,0,4,-35.504337310791016,0
104,0,0,5,-19.730789184570312,0
104,0,0,6,-2.1633527278900146,0
104,0,0,7,24.151891708374023,0
104,0,0,8,24.151891708374023,0
104,0,0,9,20.072507858276367,0
104,0,0,10,11.992316246032715,0
104,0,0,11,19.144851684570312,0
104,0,0,12,13.561056137084961,0
104,0,0,13,13.561056137084961,0
104,0,0,14,-21.593334197998047,0
104,0,0,15,-34.0376091003418,0
105,0,0,0,13.561056137084961,0
105,0,0,1,13.561056137084961,0
105,0,0,2,-21.593334197998047,0
105,0,0,3,-34.0376091003418,0
105,0,0,4,-36.650054931640625,0
105,0,0,5,-36.650054931640625,0
105,0,0,6,-1.9219884872436523,0
105,0,0,7,13.308342933654785,0
105,0,0,8,23.62570571899414,0
105,0,0,9,25.508543014526367,0
105,0,0,10,25.508543014526367,0
105,0,0,11,2.467071533203125,0
105,0,0,12,-5.389386177062988,0
105,0,0,13,-7.743461608886719,0
105,0,0,14,-7.743461608886719,0
105,0,0,15,-6.538516998291016,0
106,0,0,0,5.566758155822754,0
106,0,0,1,3.6417531967163086,0
106,0,0,2,4.7390828132629395,0
106,0,0,3,3.4498817920684814,0
106,0,0,4,3.4498817920684814,0
106,0,0,5,7.43384313583374,0
106,0,0,6,-1.4282370805740356,0
106,0,0,7,-9.108739852905273,0
106,0,0,8,-9.108739852905273,0
106,0,0,9,-4.436072826385498,0
106,0,0,10,-24.80055809020996,0
106,0,0,11,-21.442184448242188,0
106,0,0,12,-21.442184448242188,0
106,0,0,13,-10.905062675476074,0
106,0,0,14,-10.870586395263672,0
106,0,0,15,-6.213930130004883,0
107,0,0,0,-21.442184448242188,0
107,0,0,1,-10.905062675476074,0
107,0,0,2,-10.870586395263672,0
107,0,0,3,-6.213930130004883,0
107,0,0,4,-13.582603454589844,0
107,0,0,5,-13.582603454589844,0
107,0,0,6,-28.548728942871094,0
107,0,0,7,-43.37653732299805,0
107,0,0,8,-45.132301330566406,0
107,0,0,9,-45.132301330566406,0
107,0,0,10,-29.06355857849121,0
107,0,0,11,-32.99592208862305,0
107,0,0,12,-41.45363998413086,0
107,0,0,13,-25.02963638305664,0
107,0,0,14,-25.02963638305664,0
107,0,0,15,-8.560036659240723,0
108,0,0,0,-41.45363998413086,0
108,0,0,1,-25.02963638305664,0
108,0,0,2,-25.02963638305664,0
108,0,0,3,-8.560036659240723,0
108,0,0,4,20.150415420532227,0
108,0,0,5,20.07404136657715,0
108,0,0,6,20.07404136657715,0
108,0,0,7,-10.396188735961914,0
108,0,0,8,-31.20147705078125,0
108,0,0,9,-27.923593521118164,0
108,0,0,10,-19.331188201904297,0
108,0,0,11,-19.331188201904297,0
108,0,0,12,-13.935709953308105,0
108,0,0,13,-19.18943214416504,0
108,0,0,14,-40.6304931640625,0
108,0,0,15,-40.6304931640625,0
109,1,1,0,6.648908615112305,1
109,1,1,1,6.405591011047363,1
109,1,1,2,6.405591011047363,1
109,1,1,3,6.458301544189453,1
109,1,1,4,6.501157760620117,1
109,1,1,5,6.452622413635254,1
109,1,1,6,6.452622413635254,1
109,1,1,7,6.2970662117004395,1
109,1,1,8,6.094938278198242,1
109,1,1,9,5.994190216064453,1
109,1,1,10,5.985054016113281,1
109,1,1,11,5.985054016113281,1
109,1,1,12,6.090025424957275,1
109,1,1,13,5.861398220062256,1
109,1,1,14,6.040149211883545,1
109,1,1,15,6.040149211883545,1
110,1,1,0,6.090025424957275,1
110,1,1,1,5.861398220062256,1
110,1,1,2,6.040149211883545,1
110,1,1,3,6.040149211883545,1
110,1,1,4,5.932975769042969,1
110,1,1,5,5.937629699707031,1
110,1,1,6,5.906859397888184,1
110,1,1,7,5.906859397888184,1
110,1,1,8,5.969271659851074,1
110,1,1,9,5.9435577392578125,1
110,1,1,10,5.942265033721924,1
110,1,1,11,5.975917816162109,1
110,1,1,12,5.975917816162109,1
110,1,1,13,5.818159103393555,1
110,1,1,14,5.980543613433838,1
110,1,1,15,6.010643482208252,1
111,1,1,0,5.975917816162109,1
111,1,1,1,5.818159103393555,1
111,1,1,2,5.980543613433838,1
111,1,1,3,6.010643482208252,1
111,1,1,4,6.010643482208252,1
111,1,1,5,6.151077747344971,1
111,1,1,6,6.060270309448242,1
111,1,1,7,5.896669864654541,1
111,1,1,8,6.112205505371094,1
111,1,1,9,6.112205505371094,1
111,1,1,10,6.125383377075195,1
111,1,1,11,6.218852519989014,1
111,1,1,12,5.979480266571045,1
111,1,1,13,5.979480266571045,1
111,1,1,14,5.907960891723633,1
111,1,1,15,6.5784807205200195,1
